"Date","Price","Open","High","Low","Vol.","Change %"
"Apr 23, 2021","1,322.90","1,330.00","1,344.65","1,314.45","2.06M","-1.04%"
"Apr 22, 2021","1,336.80","1,310.00","1,339.50","1,307.25","2.40M","0.40%"
"Apr 20, 2021","1,331.50","1,320.00","1,339.45","1,317.70","2.99M","1.61%"
"Apr 19, 2021","1,310.45","1,340.00","1,346.20","1,306.00","4.16M","-3.58%"
"Apr 16, 2021","1,359.15","1,360.50","1,393.30","1,355.30","3.75M","-1.13%"
"Apr 15, 2021","1,374.65","1,378.95","1,391.10","1,358.10","2.63M","0.07%"
"Apr 13, 2021","1,373.70","1,347.25","1,382.00","1,347.25","2.06M","2.12%"
"Apr 12, 2021","1,345.15","1,393.95","1,393.95","1,332.00","3.76M","-4.20%"
"Apr 09, 2021","1,404.10","1,414.00","1,417.00","1,397.10","2.02M","-1.06%"
"Apr 08, 2021","1,419.15","1,410.00","1,434.80","1,410.00","1.64M","1.07%"
"Apr 07, 2021","1,404.15","1,402.00","1,417.20","1,389.25","1.84M","0.22%"
"Apr 06, 2021","1,401.00","1,405.90","1,416.30","1,393.30","1.82M","-0.20%"
"Apr 05, 2021","1,403.80","1,439.00","1,439.00","1,381.40","2.55M","-2.82%"
"Apr 01, 2021","1,444.60","1,432.00","1,447.85","1,420.50","1.38M","1.81%"
"Mar 31, 2021","1,418.90","1,423.60","1,431.60","1,410.40","2.40M","-0.33%"
"Mar 30, 2021","1,423.55","1,408.00","1,428.20","1,395.55","2.80M","1.81%"
"Mar 26, 2021","1,398.30","1,386.30","1,408.00","1,382.00","3.09M","1.98%"
"Mar 25, 2021","1,371.10","1,361.00","1,389.00","1,361.00","3.89M","0.14%"
"Mar 24, 2021","1,369.15","1,400.00","1,407.00","1,360.05","4.24M","-2.51%"
"Mar 23, 2021","1,404.35","1,401.90","1,416.50","1,398.10","2.56M","0.31%"
"Mar 22, 2021","1,400.05","1,409.00","1,417.40","1,392.25","2.96M","-0.79%"
"Mar 19, 2021","1,411.25","1,415.00","1,421.85","1,378.60","9.92M","-1.18%"
"Mar 18, 2021","1,428.10","1,455.55","1,469.70","1,420.00","3.38M","-0.66%"
"Mar 17, 2021","1,437.65","1,476.00","1,492.95","1,431.75","5.18M","-1.65%"
"Mar 16, 2021","1,461.80","1,488.30","1,497.00","1,457.00","3.23M","-1.48%"
"Mar 15, 2021","1,483.75","1,520.00","1,528.10","1,463.30","3.18M","-2.00%"
"Mar 12, 2021","1,514.00","1,526.30","1,565.00","1,503.15","4.89M","-0.67%"
"Mar 10, 2021","1,524.20","1,523.00","1,534.75","1,507.50","2.21M","1.05%"
"Mar 09, 2021","1,508.30","1,525.00","1,532.30","1,491.80","3.78M","-0.46%"
"Mar 08, 2021","1,515.20","1,478.00","1,525.00","1,470.00","4.15M","3.53%"
"Mar 05, 2021","1,463.55","1,453.60","1,477.20","1,439.10","3.31M","0.06%"
"Mar 04, 2021","1,462.60","1,473.00","1,494.35","1,458.00","3.53M","-2.29%"
"Mar 03, 2021","1,496.90","1,493.50","1,510.00","1,481.35","2.18M","0.76%"
"Mar 02, 2021","1,485.65","1,479.30","1,489.65","1,458.15","2.09M","0.87%"
"Mar 01, 2021","1,472.85","1,456.00","1,486.00","1,438.20","2.49M","2.10%"
"Feb 26, 2021","1,442.50","1,482.00","1,493.50","1,435.15","5.58M","-4.25%"
"Feb 25, 2021","1,506.45","1,534.00","1,540.60","1,502.00","3.17M","-1.32%"
"Feb 24, 2021","1,526.60","1,486.70","1,532.00","1,486.70","2.38M","2.71%"
"Feb 23, 2021","1,486.30","1,462.00","1,498.00","1,460.00","3.73M","2.35%"
"Feb 22, 2021","1,452.20","1,510.90","1,511.95","1,447.10","6.17M","-3.75%"
"Feb 19, 2021","1,508.80","1,523.85","1,547.00","1,498.85","3.04M","-1.04%"
"Feb 18, 2021","1,524.60","1,542.20","1,551.20","1,515.15","2.45M","-1.53%"
"Feb 17, 2021","1,548.35","1,544.00","1,567.00","1,533.00","2.34M","-0.07%"
"Feb 16, 2021","1,549.45","1,540.00","1,574.00","1,539.00","3.84M","0.77%"
"Feb 15, 2021","1,537.65","1,527.00","1,544.00","1,521.35","1.92M","1.07%"
"Feb 12, 2021","1,521.35","1,535.00","1,544.00","1,516.10","1.87M","-0.60%"
"Feb 11, 2021","1,530.50","1,549.40","1,559.90","1,526.55","2.72M","-1.44%"
"Feb 10, 2021","1,552.85","1,560.00","1,564.00","1,528.70","2.58M","-0.87%"
"Feb 09, 2021","1,566.45","1,557.00","1,574.50","1,545.00","3.83M","0.94%"
"Feb 08, 2021","1,551.80","1,521.15","1,570.00","1,520.00","5.22M","2.33%"
"Feb 05, 2021","1,516.50","1,534.40","1,547.00","1,511.10","3.27M","-0.87%"
"Feb 04, 2021","1,529.80","1,525.00","1,550.00","1,510.00","3.96M","0.08%"
"Feb 03, 2021","1,528.55","1,530.00","1,558.00","1,505.00","6.20M","0.55%"
"Feb 02, 2021","1,520.20","1,474.00","1,593.00","1,474.00","14.35M","4.92%"
"Feb 01, 2021","1,448.85","1,345.75","1,462.00","1,337.20","11.32M","8.55%"
"Jan 29, 2021","1,334.70","1,362.00","1,369.00","1,325.10","5.13M","-0.79%"
"Jan 28, 2021","1,345.35","1,344.70","1,365.10","1,340.00","2.96M","-1.07%"
"Jan 27, 2021","1,359.85","1,368.80","1,392.70","1,330.10","8.90M","-0.11%"
"Jan 25, 2021","1,361.30","1,370.00","1,396.40","1,342.00","4.85M","-0.06%"
"Jan 22, 2021","1,362.10","1,362.00","1,375.00","1,348.50","3.28M","-0.67%"
"Jan 21, 2021","1,371.30","1,395.00","1,396.00","1,361.05","2.99M","-0.82%"
"Jan 20, 2021","1,382.65","1,369.00","1,393.05","1,362.55","3.96M","0.93%"
"Jan 19, 2021","1,369.85","1,340.05","1,382.00","1,337.00","3.89M","2.53%"
"Jan 18, 2021","1,336.05","1,345.20","1,353.85","1,326.15","3.19M","-1.34%"
"Jan 15, 2021","1,354.15","1,376.70","1,384.50","1,345.05","2.59M","-1.63%"
"Jan 14, 2021","1,376.60","1,358.00","1,389.70","1,356.25","5.17M","1.78%"
"Jan 13, 2021","1,352.50","1,354.00","1,373.00","1,344.30","4.39M","0.20%"
"Jan 12, 2021","1,349.80","1,354.00","1,366.85","1,344.05","2.84M","-0.01%"
"Jan 11, 2021","1,350.00","1,382.00","1,384.95","1,345.00","3.25M","-1.70%"
"Jan 08, 2021","1,373.40","1,349.80","1,382.95","1,347.00","4.98M","2.57%"
"Jan 07, 2021","1,338.95","1,330.00","1,346.80","1,325.00","4.27M","1.90%"
"Jan 06, 2021","1,314.00","1,308.00","1,330.00","1,300.00","4.62M","0.59%"
"Jan 05, 2021","1,306.30","1,307.00","1,313.00","1,295.05","2.83M","-0.63%"
"Jan 04, 2021","1,314.60","1,305.00","1,322.55","1,302.00","4.01M","1.36%"
"Jan 01, 2021","1,297.00","1,283.00","1,299.95","1,283.00","2.06M","0.73%"
"Dec 31, 2020","1,287.60","1,293.00","1,304.00","1,282.00","3.89M","-0.34%"
"Dec 30, 2020","1,292.05","1,288.20","1,296.35","1,271.00","2.87M","0.56%"
"Dec 29, 2020","1,284.85","1,294.95","1,295.05","1,267.70","3.78M","-0.35%"
"Dec 28, 2020","1,289.40","1,275.00","1,291.00","1,266.50","3.41M","2.15%"
"Dec 24, 2020","1,262.20","1,275.00","1,281.00","1,253.50","3.28M","-0.21%"
"Dec 23, 2020","1,264.80","1,268.00","1,271.30","1,248.35","4.06M","0.17%"
"Dec 22, 2020","1,262.70","1,235.25","1,268.00","1,213.55","8.00M","2.26%"
"Dec 21, 2020","1,234.85","1,276.25","1,338.50","1,154.00","21.15M","-3.64%"
"Dec 18, 2020","1,281.55","1,283.95","1,301.00","1,270.00","10.32M","0.22%"
"Dec 17, 2020","1,278.80","1,270.00","1,284.00","1,254.05","5.35M","0.83%"
"Dec 16, 2020","1,268.25","1,256.25","1,278.00","1,247.05","5.73M","1.77%"
"Dec 15, 2020","1,246.25","1,250.00","1,252.00","1,216.10","6.95M","-0.27%"
"Dec 14, 2020","1,249.65","1,198.10","1,263.90","1,198.10","9.72M","4.63%"
"Dec 11, 2020","1,194.30","1,188.00","1,216.80","1,182.00","6.69M","0.33%"
"Dec 10, 2020","1,190.35","1,182.00","1,193.75","1,170.05","4.92M","0.79%"
"Dec 09, 2020","1,181.00","1,178.00","1,185.00","1,166.35","4.30M","0.82%"
"Dec 08, 2020","1,171.40","1,174.95","1,182.50","1,148.05","4.98M","0.15%"
"Dec 07, 2020","1,169.70","1,154.80","1,171.90","1,144.00","5.48M","1.76%"
"Dec 04, 2020","1,149.50","1,130.00","1,162.00","1,128.75","6.54M","2.16%"
"Dec 03, 2020","1,125.15","1,135.00","1,137.45","1,120.30","4.09M","1.02%"
"Dec 02, 2020","1,113.75","1,120.05","1,132.05","1,104.10","4.43M","-0.20%"
"Dec 01, 2020","1,115.95","1,140.00","1,140.00","1,111.20","3.55M","-0.57%"
"Nov 27, 2020","1,122.40","1,129.00","1,139.80","1,092.00","19.00M","0.32%"
"Nov 26, 2020","1,118.85","1,130.00","1,134.95","1,101.55","7.36M","0.26%"
"Nov 25, 2020","1,116.00","1,141.50","1,147.80","1,112.45","4.65M","-1.72%"
"Nov 24, 2020","1,135.50","1,135.00","1,144.00","1,128.30","4.62M","0.86%"
"Nov 23, 2020","1,125.85","1,138.80","1,147.85","1,122.85","5.00M","-0.57%"
"Nov 20, 2020","1,132.30","1,140.00","1,161.00","1,118.50","7.01M","-0.17%"
"Nov 19, 2020","1,134.25","1,125.05","1,177.00","1,107.70","10.84M","-1.21%"
"Nov 18, 2020","1,148.15","1,080.90","1,154.25","1,079.15","13.44M","6.22%"
"Nov 17, 2020","1,080.90","1,063.00","1,096.85","1,061.05","7.61M","2.80%"
"Nov 13, 2020","1,051.50","1,065.05","1,068.15","1,038.10","5.03M","-2.02%"
"Nov 12, 2020","1,073.20","1,054.90","1,075.85","1,052.45","6.74M","1.30%"
"Nov 11, 2020","1,059.45","1,040.00","1,062.80","1,021.25","10.25M","2.49%"
"Nov 10, 2020","1,033.70","975.00","1,036.90","971.60","12.15M","7.02%"
"Nov 09, 2020","965.85","971.00","974.60","962.40","3.04M","0.53%"
"Nov 06, 2020","960.75","959.00","967.50","950.10","3.42M","0.28%"
"Nov 05, 2020","958.10","952.00","959.80","944.30","2.89M","1.94%"
"Nov 04, 2020","939.85","934.25","950.65","930.00","3.37M","-0.83%"
"Nov 03, 2020","947.75","944.90","952.90","932.50","4.05M","1.99%"
"Nov 02, 2020","929.30","930.00","937.95","920.65","3.68M","-0.02%"
"Oct 30, 2020","929.50","941.00","946.80","924.20","4.80M","-0.54%"
"Oct 29, 2020","934.50","951.10","958.80","926.00","11.85M","-4.92%"
"Oct 28, 2020","982.85","989.95","994.65","974.20","7.37M","0.09%"
"Oct 27, 2020","981.95","960.00","986.00","955.15","9.64M","3.17%"
"Oct 26, 2020","951.75","949.85","959.25","943.00","6.98M","1.12%"
"Oct 23, 2020","941.25","940.00","948.50","928.00","5.10M","0.53%"
"Oct 22, 2020","936.30","922.00","939.00","920.15","6.15M","1.28%"
"Oct 21, 2020","924.45","924.95","931.00","908.65","6.39M","0.78%"
"Oct 20, 2020","917.30","919.00","935.50","913.00","13.19M","1.59%"
"Oct 19, 2020","902.90","899.00","906.00","884.00","5.80M","0.98%"
"Oct 16, 2020","894.10","894.00","903.50","889.50","2.37M","0.60%"
"Oct 15, 2020","888.80","913.00","919.00","885.40","4.93M","-2.88%"
"Oct 14, 2020","915.20","897.00","917.00","887.20","5.29M","2.09%"
"Oct 13, 2020","896.45","907.95","915.70","888.85","4.55M","-1.03%"
"Oct 12, 2020","905.75","916.95","925.75","902.05","6.19M","-0.30%"
"Oct 09, 2020","908.45","887.40","914.95","885.60","9.67M","3.11%"
"Oct 08, 2020","881.05","890.30","894.00","879.05","3.92M","-0.77%"
"Oct 07, 2020","887.90","895.00","895.00","876.05","5.07M","-0.53%"
"Oct 06, 2020","892.60","901.05","904.55","888.25","3.50M","-0.48%"
"Oct 05, 2020","896.95","907.95","908.55","895.05","2.79M","-0.65%"
"Oct 01, 2020","902.80","909.95","913.60","900.70","2.51M","0.13%"
"Sep 30, 2020","901.60","897.80","904.50","884.10","3.58M","0.69%"
"Sep 29, 2020","895.45","909.95","912.85","892.40","3.36M","-0.82%"
"Sep 28, 2020","902.85","898.00","917.50","893.00","3.85M","1.53%"
"Sep 25, 2020","889.25","860.10","895.40","852.00","4.96M","4.53%"
"Sep 24, 2020","850.70","856.00","859.90","843.00","11.61M","-1.15%"
"Sep 23, 2020","860.60","866.20","873.70","854.55","3.71M","0.48%"
"Sep 22, 2020","856.50","887.95","887.95","852.00","5.09M","-2.87%"
"Sep 21, 2020","881.85","901.00","903.80","874.30","4.60M","-2.09%"
"Sep 18, 2020","900.70","911.20","914.10","897.00","7.50M","-0.62%"
"Sep 17, 2020","906.30","915.00","917.95","905.05","4.51M","-1.68%"
"Sep 16, 2020","921.80","915.00","924.00","911.35","3.60M","1.30%"
"Sep 15, 2020","909.95","910.00","915.20","900.00","4.49M","0.87%"
"Sep 14, 2020","902.10","922.40","923.35","901.00","5.01M","-1.67%"
"Sep 11, 2020","917.40","920.00","921.55","912.00","2.63M","-0.39%"
"Sep 10, 2020","920.95","917.70","923.00","912.00","2.95M","1.26%"
"Sep 09, 2020","909.50","907.55","928.00","901.00","5.66M","-0.79%"
"Sep 08, 2020","916.70","936.00","936.00","912.95","3.74M","-1.66%"
"Sep 07, 2020","932.15","947.15","950.75","916.25","3.47M","-1.10%"
"Sep 04, 2020","942.50","948.00","956.15","940.00","3.13M","-1.94%"
"Sep 03, 2020","961.15","960.00","971.00","953.30","3.28M","0.59%"
"Sep 02, 2020","955.55","956.45","959.80","948.00","2.11M","0.04%"
"Sep 01, 2020","955.20","964.95","966.00","943.30","5.10M","1.08%"
"Aug 31, 2020","944.95","988.10","995.40","940.40","8.49M","-3.76%"
"Aug 28, 2020","981.85","988.00","1,004.70","978.20","7.82M","0.64%"
"Aug 27, 2020","975.60","975.25","980.00","965.30","4.47M","0.69%"
"Aug 26, 2020","968.95","987.00","988.00","965.00","4.48M","-1.17%"
"Aug 25, 2020","980.40","993.00","999.90","977.80","2.91M","-1.10%"
"Aug 24, 2020","991.35","996.00","1,001.40","990.00","2.03M","-0.28%"
"Aug 21, 2020","994.15","1,010.00","1,010.00","992.00","2.81M","-0.16%"
"Aug 20, 2020","995.75","986.00","1,005.00","981.00","4.79M","-1.32%"
"Aug 19, 2020","1,009.10","1,017.25","1,024.95","1,005.40","4.91M","0.45%"
"Aug 18, 2020","1,004.55","1,005.95","1,008.00","995.40","4.36M","0.37%"
"Aug 17, 2020","1,000.80","1,002.00","1,007.00","987.70","4.74M","1.83%"
"Aug 14, 2020","982.80","999.95","1,017.00","973.40","13.44M","-0.80%"
"Aug 13, 2020","990.70","957.00","993.65","951.55","8.82M","4.31%"
"Aug 12, 2020","949.75","952.00","956.00","945.00","3.67M","-1.26%"
"Aug 11, 2020","961.90","969.60","979.70","957.10","5.43M","0.19%"
"Aug 10, 2020","960.05","925.00","970.00","925.00","11.86M","4.85%"
"Aug 07, 2020","915.65","922.55","926.85","914.10","2.46M","-0.70%"
"Aug 06, 2020","922.15","926.05","933.70","920.25","2.19M","-0.39%"
"Aug 05, 2020","925.75","923.95","934.50","920.80","3.01M","0.16%"
"Aug 04, 2020","924.25","918.00","930.00","916.60","3.86M","0.91%"
"Aug 03, 2020","915.90","913.00","919.75","903.55","3.58M","0.27%"
"Jul 31, 2020","913.45","913.90","922.90","907.05","2.94M","0.57%"
"Jul 30, 2020","908.25","929.00","932.70","904.20","3.36M","-1.49%"
"Jul 29, 2020","921.95","919.60","940.85","917.25","7.25M","0.93%"
"Jul 28, 2020","913.50","908.80","917.00","899.00","3.79M","1.07%"
"Jul 27, 2020","903.80","908.00","915.00","896.30","3.62M","-0.07%"
"Jul 24, 2020","904.40","914.40","914.50","898.05","6.06M","-1.33%"
"Jul 23, 2020","916.55","912.00","937.95","911.35","9.08M","-0.47%"
"Jul 22, 2020","920.90","939.20","941.00","910.00","4.98M","-1.83%"
"Jul 21, 2020","938.05","927.00","942.30","920.60","4.76M","2.01%"
"Jul 20, 2020","919.60","929.00","931.90","915.00","3.04M","-0.64%"
"Jul 17, 2020","925.55","922.10","929.95","918.00","2.04M","0.48%"
"Jul 16, 2020","921.15","913.00","924.00","898.45","3.13M","0.98%"
"Jul 15, 2020","912.20","918.05","925.00","909.30","3.23M","-0.08%"
"Jul 14, 2020","912.90","928.00","934.95","905.85","3.65M","-1.64%"
"Jul 13, 2020","928.15","940.00","944.80","925.00","3.82M","-0.43%"
"Jul 10, 2020","932.15","940.00","952.00","930.55","4.54M","-1.35%"
"Jul 09, 2020","944.95","945.00","952.00","940.00","3.78M","0.39%"
"Jul 08, 2020","941.25","944.95","964.40","938.00","5.23M","-0.25%"
"Jul 07, 2020","943.60","955.00","961.90","940.00","4.05M","-0.80%"
"Jul 06, 2020","951.20","953.10","959.50","946.65","3.90M","0.74%"
"Jul 03, 2020","944.25","948.00","955.40","941.60","3.93M","0.31%"
"Jul 02, 2020","941.30","936.00","950.70","926.00","6.54M","1.84%"
"Jul 01, 2020","924.30","941.00","941.00","917.00","6.43M","-2.05%"
"Jun 30, 2020","943.65","948.70","952.15","931.40","3.66M","0.75%"
"Jun 29, 2020","936.60","950.00","956.10","930.00","4.58M","-2.66%"
"Jun 26, 2020","962.20","955.00","976.10","940.50","6.55M","2.03%"
"Jun 25, 2020","943.10","949.90","964.80","936.25","7.51M","-1.30%"
"Jun 24, 2020","955.55","979.00","989.90","952.00","11.99M","-1.25%"
"Jun 23, 2020","967.60","910.00","970.00","909.00","14.58M","6.63%"
"Jun 22, 2020","907.45","905.00","916.00","896.00","6.84M","1.03%"
"Jun 19, 2020","898.20","902.00","915.90","895.10","5.41M","0.17%"
"Jun 18, 2020","896.65","876.00","900.00","874.00","5.87M","1.34%"
"Jun 17, 2020","884.80","892.70","899.75","881.10","4.68M","-1.15%"
"Jun 16, 2020","895.05","920.00","924.70","891.15","4.66M","-0.54%"
"Jun 15, 2020","899.90","921.80","929.45","894.10","4.98M","-2.86%"
"Jun 12, 2020","926.40","890.00","929.90","890.00","5.41M","-0.44%"
"Jun 11, 2020","930.45","944.00","952.00","928.20","3.60M","-1.70%"
"Jun 10, 2020","946.55","957.00","959.50","935.70","5.18M","-0.71%"
"Jun 09, 2020","953.30","964.50","970.25","949.70","5.12M","-0.84%"
"Jun 08, 2020","961.35","979.50","995.00","949.00","9.86M","0.64%"
"Jun 05, 2020","955.25","940.00","959.90","936.60","6.07M","2.64%"
"Jun 04, 2020","930.70","961.05","968.00","928.60","5.36M","-3.18%"
"Jun 03, 2020","961.30","955.95","972.85","955.00","4.65M","1.68%"
"Jun 02, 2020","945.45","935.00","953.00","913.05","7.33M","1.86%"
"Jun 01, 2020","928.15","944.65","974.15","924.00","7.62M","-0.44%"
"May 29, 2020","932.25","893.20","937.50","891.00","10.17M","2.95%"
"May 28, 2020","905.50","855.00","912.00","855.00","11.48M","6.42%"
"May 27, 2020","850.85","831.95","857.20","827.00","5.16M","3.06%"
"May 26, 2020","825.55","821.90","842.70","821.00","4.34M","1.21%"
"May 22, 2020","815.70","815.00","826.50","810.10","4.61M","-0.59%"
"May 21, 2020","820.50","835.95","845.00","818.10","4.70M","-1.74%"
"May 20, 2020","835.00","800.00","841.00","800.00","5.95M","4.85%"
"May 19, 2020","796.35","827.10","833.80","791.70","5.53M","-2.09%"
"May 18, 2020","813.35","869.90","870.00","810.00","6.21M","-5.91%"
"May 15, 2020","864.40","881.95","885.00","854.00","5.65M","-0.83%"
"May 14, 2020","871.65","858.90","879.60","841.50","6.78M","1.01%"
"May 13, 2020","862.90","863.70","871.95","850.50","8.63M","5.90%"
"May 12, 2020","814.80","817.00","819.25","804.00","3.02M","-0.83%"
"May 11, 2020","821.60","821.20","827.50","816.35","2.88M","0.69%"
"May 08, 2020","815.95","833.00","834.85","810.00","4.39M","-0.84%"
"May 07, 2020","822.85","833.00","836.05","820.10","3.53M","-1.73%"
"May 06, 2020","837.30","838.00","848.00","817.60","5.08M","0.05%"
"May 05, 2020","836.90","861.00","869.80","835.00","4.30M","-1.62%"
"May 04, 2020","850.65","880.00","880.00","845.00","4.68M","-5.23%"
"Apr 30, 2020","897.55","890.20","916.80","884.10","6.33M","2.54%"
"Apr 29, 2020","875.35","862.00","883.05","854.00","4.84M","2.12%"
"Apr 28, 2020","857.15","863.80","867.70","852.10","3.77M","0.22%"
"Apr 27, 2020","855.25","861.95","874.90","852.25","4.22M","0.48%"
"Apr 24, 2020","851.20","838.00","869.00","834.15","7.96M","1.26%"
"Apr 23, 2020","840.60","860.00","869.50","835.00","6.32M","-1.41%"
"Apr 22, 2020","852.60","873.00","885.50","850.00","6.09M","-2.04%"
"Apr 21, 2020","870.35","897.00","906.60","863.00","5.12M","-4.94%"
"Apr 20, 2020","915.60","940.80","943.00","911.00","4.96M","-1.85%"
"Apr 17, 2020","932.90","930.00","940.00","916.00","5.83M","2.33%"
"Apr 16, 2020","911.65","875.95","919.80","870.15","6.98M","3.58%"
"Apr 15, 2020","880.15","890.95","926.60","869.00","10.44M","1.70%"
"Apr 13, 2020","865.45","812.80","872.40","807.95","9.46M","6.48%"
"Apr 09, 2020","812.80","834.35","834.35","804.40","6.41M","0.71%"
"Apr 08, 2020","807.10","804.00","832.00","797.70","6.15M","0.68%"
"Apr 07, 2020","801.65","805.00","813.00","791.00","5.77M","3.49%"
"Apr 03, 2020","774.65","791.10","791.10","762.80","4.27M","0.04%"
"Apr 01, 2020","774.35","806.85","812.40","766.55","4.10M","-4.22%"
"Mar 31, 2020","808.50","820.00","823.00","791.20","8.05M","1.23%"
"Mar 30, 2020","798.65","801.00","815.00","791.00","4.47M","-4.59%"
"Mar 27, 2020","837.05","867.90","890.00","812.00","6.57M","-0.11%"
"Mar 26, 2020","838.00","787.75","842.30","754.15","9.03M","9.44%"
"Mar 25, 2020","765.75","697.20","775.00","661.00","16.12M","8.17%"
"Mar 24, 2020","707.90","755.00","755.75","672.00","7.11M","-2.23%"
"Mar 23, 2020","724.05","809.00","809.95","706.00","7.31M","-16.27%"
"Mar 20, 2020","864.70","849.00","877.80","831.30","6.13M","2.56%"
"Mar 19, 2020","843.10","873.90","884.00","837.70","7.25M","-6.79%"
"Mar 18, 2020","904.55","968.00","974.75","900.00","5.59M","-5.46%"
"Mar 17, 2020","956.75","972.00","1,005.00","940.15","4.72M","-1.23%"
"Mar 16, 2020","968.70","1,014.25","1,042.00","961.90","6.67M","-7.87%"
"Mar 13, 2020","1,051.45","950.00","1,060.45","890.00","8.12M","3.43%"
"Mar 12, 2020","1,016.55","1,070.00","1,070.05","1,004.10","9.20M","-8.99%"
"Mar 11, 2020","1,116.95","1,090.00","1,120.95","1,085.80","5.63M","1.36%"
"Mar 09, 2020","1,101.95","1,135.80","1,135.80","1,067.30","8.04M","-4.91%"
"Mar 06, 2020","1,158.90","1,148.00","1,164.00","1,130.85","3.96M","-1.99%"
"Mar 05, 2020","1,182.45","1,180.10","1,187.25","1,166.20","2.63M","0.49%"
"Mar 04, 2020","1,176.65","1,185.00","1,187.85","1,158.00","3.14M","-0.39%"
"Mar 03, 2020","1,181.30","1,166.00","1,186.80","1,162.05","3.13M","1.76%"
"Mar 02, 2020","1,160.90","1,205.00","1,212.35","1,150.55","3.18M","-2.24%"
"Feb 28, 2020","1,187.55","1,189.65","1,196.45","1,162.00","6.29M","-1.88%"
"Feb 27, 2020","1,210.35","1,212.35","1,216.95","1,200.00","4.00M","-0.07%"
"Feb 26, 2020","1,211.15","1,235.00","1,238.00","1,206.00","5.72M","-2.49%"
"Feb 25, 2020","1,242.05","1,262.20","1,265.65","1,240.15","3.13M","-1.40%"
"Feb 24, 2020","1,259.70","1,271.90","1,271.90","1,252.65","3.41M","-1.63%"
"Feb 20, 2020","1,280.60","1,279.90","1,288.90","1,275.30","3.03M","-0.06%"
"Feb 19, 2020","1,281.40","1,298.00","1,299.00","1,276.60","1.82M","-0.38%"
"Feb 18, 2020","1,286.35","1,281.50","1,289.80","1,266.45","2.35M","0.48%"
"Feb 17, 2020","1,280.20","1,297.00","1,297.85","1,277.00","2.16M","-1.15%"
"Feb 14, 2020","1,295.15","1,295.00","1,304.95","1,290.60","1.78M","0.22%"
"Feb 13, 2020","1,292.25","1,299.00","1,299.85","1,285.00","1.55M","-0.39%"
"Feb 12, 2020","1,297.30","1,289.10","1,299.85","1,280.00","2.57M","0.81%"
"Feb 11, 2020","1,286.90","1,292.00","1,298.95","1,284.00","2.20M","0.12%"
"Feb 10, 2020","1,285.30","1,300.00","1,302.45","1,273.10","3.04M","-1.05%"
"Feb 07, 2020","1,299.00","1,313.05","1,314.40","1,296.00","3.05M","-1.41%"
"Feb 06, 2020","1,317.60","1,322.90","1,325.00","1,309.05","2.35M","0.58%"
"Feb 05, 2020","1,310.05","1,297.90","1,325.00","1,295.00","4.22M","1.42%"
"Feb 04, 2020","1,291.75","1,296.00","1,307.30","1,287.55","3.60M","0.40%"
"Feb 03, 2020","1,286.65","1,290.00","1,303.90","1,272.00","5.77M","-0.06%"
"Feb 01, 2020","1,287.40","1,372.60","1,383.70","1,280.00","8.30M","-5.98%"
"Jan 31, 2020","1,369.30","1,375.95","1,377.00","1,360.45","3.94M","-0.07%"
"Jan 30, 2020","1,370.20","1,365.95","1,376.80","1,353.00","2.74M","0.33%"
"Jan 29, 2020","1,365.70","1,353.10","1,374.95","1,352.10","3.68M","1.41%"
"Jan 28, 2020","1,346.65","1,350.90","1,355.00","1,338.00","2.35M","-0.14%"
"Jan 27, 2020","1,348.60","1,340.00","1,364.90","1,340.00","2.51M","-0.78%"
"Jan 24, 2020","1,359.20","1,332.00","1,367.85","1,332.00","5.84M","2.02%"
"Jan 23, 2020","1,332.30","1,307.00","1,339.85","1,306.00","10.06M","2.94%"
"Jan 22, 2020","1,294.20","1,311.00","1,312.00","1,292.00","2.45M","-0.63%"
"Jan 21, 2020","1,302.35","1,304.75","1,313.90","1,300.45","1.36M","-0.55%"
"Jan 20, 2020","1,309.60","1,313.95","1,319.90","1,306.50","2.54M","0.41%"
"Jan 17, 2020","1,304.20","1,320.60","1,325.95","1,302.00","2.94M","-1.14%"
"Jan 16, 2020","1,319.30","1,327.70","1,332.90","1,317.40","1.77M","-0.32%"
"Jan 15, 2020","1,323.60","1,325.60","1,336.15","1,320.00","2.13M","-0.19%"
"Jan 14, 2020","1,326.10","1,329.80","1,331.00","1,315.10","2.05M","-0.64%"
"Jan 13, 2020","1,334.70","1,329.00","1,339.40","1,328.70","1.83M","0.76%"
"Jan 10, 2020","1,324.60","1,319.00","1,335.95","1,319.00","2.36M","0.64%"
"Jan 09, 2020","1,316.15","1,311.00","1,319.90","1,305.10","2.07M","1.90%"
"Jan 08, 2020","1,291.55","1,302.00","1,308.70","1,283.35","4.15M","-2.19%"
"Jan 07, 2020","1,320.50","1,328.00","1,339.50","1,313.75","2.08M","0.28%"
"Jan 06, 2020","1,316.75","1,331.00","1,332.00","1,314.10","2.65M","-1.37%"
"Jan 03, 2020","1,335.05","1,344.95","1,344.95","1,330.15","2.06M","-0.76%"
"Jan 02, 2020","1,345.30","1,312.00","1,348.00","1,311.00","4.34M","2.70%"
"Jan 01, 2020","1,309.95","1,308.40","1,318.90","1,303.00","3.12M","0.91%"
"Dec 31, 2019","1,298.20","1,300.00","1,310.00","1,291.15","3.04M","-0.31%"
"Dec 30, 2019","1,302.30","1,301.90","1,307.20","1,296.50","2.07M","0.21%"
"Dec 27, 2019","1,299.60","1,281.55","1,301.85","1,280.15","2.46M","1.59%"
"Dec 26, 2019","1,279.30","1,299.65","1,306.70","1,277.00","3.72M","-1.67%"
"Dec 24, 2019","1,301.00","1,314.65","1,319.00","1,298.00","1.80M","-0.78%"
"Dec 23, 2019","1,311.25","1,307.90","1,322.00","1,305.00","3.39M","-0.02%"
"Dec 20, 2019","1,311.55","1,313.00","1,327.90","1,307.30","3.30M","-0.02%"
"Dec 19, 2019","1,311.75","1,316.75","1,321.00","1,307.10","1.94M","-0.58%"
"Dec 18, 2019","1,319.35","1,324.75","1,325.95","1,314.60","2.96M","0.11%"
"Dec 17, 2019","1,317.95","1,309.20","1,325.00","1,303.80","3.72M","1.15%"
"Dec 16, 2019","1,303.00","1,314.45","1,318.00","1,300.00","3.97M","-0.18%"
"Dec 13, 2019","1,305.30","1,287.95","1,308.00","1,285.30","3.66M","2.00%"
"Dec 12, 2019","1,279.70","1,270.00","1,282.85","1,268.20","3.26M","1.22%"
"Dec 11, 2019","1,264.30","1,282.95","1,288.75","1,255.00","3.95M","-1.15%"
"Dec 10, 2019","1,279.00","1,277.00","1,284.00","1,267.15","2.76M","0.24%"
"Dec 09, 2019","1,276.00","1,294.00","1,298.90","1,271.80","3.04M","-1.15%"
"Dec 06, 2019","1,290.80","1,308.85","1,309.00","1,283.10","3.30M","-0.88%"
"Dec 05, 2019","1,302.20","1,294.00","1,313.00","1,285.15","6.64M","1.33%"
"Dec 04, 2019","1,285.10","1,310.00","1,312.00","1,282.15","10.23M","-2.14%"
"Dec 03, 2019","1,313.20","1,333.45","1,333.45","1,310.00","3.07M","-1.51%"
"Dec 02, 2019","1,333.35","1,330.55","1,342.90","1,320.35","3.04M","0.21%"
"Nov 29, 2019","1,330.55","1,350.00","1,350.20","1,328.00","2.52M","-1.43%"
"Nov 28, 2019","1,349.90","1,344.00","1,354.00","1,327.20","4.50M","1.08%"
"Nov 27, 2019","1,335.50","1,365.00","1,370.00","1,314.15","7.90M","-2.02%"
"Nov 26, 2019","1,363.00","1,379.35","1,380.00","1,359.55","4.85M","-1.29%"
"Nov 25, 2019","1,380.85","1,378.50","1,389.00","1,371.10","2.96M","0.16%"
"Nov 22, 2019","1,378.65","1,393.75","1,398.95","1,371.00","2.36M","-1.01%"
"Nov 21, 2019","1,392.70","1,405.00","1,417.90","1,385.00","5.72M","0.86%"
"Nov 20, 2019","1,380.80","1,372.00","1,393.35","1,365.35","3.91M","1.10%"
"Nov 19, 2019","1,365.75","1,364.50","1,378.20","1,361.50","2.40M","0.09%"
"Nov 18, 2019","1,364.50","1,388.00","1,393.80","1,361.25","2.73M","-0.95%"
"Nov 15, 2019","1,377.65","1,383.60","1,392.70","1,366.20","3.41M","-0.20%"
"Nov 14, 2019","1,380.45","1,397.00","1,405.95","1,376.95","3.00M","-0.90%"
"Nov 13, 2019","1,393.00","1,418.45","1,419.85","1,389.05","2.93M","-1.69%"
"Nov 11, 2019","1,417.00","1,419.20","1,430.75","1,408.05","2.10M","-0.42%"
"Nov 08, 2019","1,423.00","1,429.95","1,448.00","1,420.00","2.22M","-0.84%"
"Nov 07, 2019","1,435.05","1,459.95","1,459.95","1,431.00","2.00M","-1.24%"
"Nov 06, 2019","1,453.05","1,440.00","1,466.95","1,437.75","2.43M","0.92%"
"Nov 05, 2019","1,439.80","1,455.00","1,459.60","1,432.00","2.40M","-0.85%"
"Nov 04, 2019","1,452.20","1,457.80","1,468.00","1,450.00","1.46M","0.19%"
"Nov 01, 2019","1,449.40","1,476.70","1,481.05","1,445.00","2.29M","-1.61%"
"Oct 31, 2019","1,473.05","1,481.00","1,486.50","1,467.25","2.21M","-0.08%"
"Oct 30, 2019","1,474.25","1,469.95","1,491.95","1,465.00","3.72M","0.90%"
"Oct 29, 2019","1,461.10","1,435.50","1,464.80","1,431.00","3.35M","1.86%"
"Oct 27, 2019","1,434.40","1,434.40","1,434.40","1,434.40","-","0.66%"
"Oct 25, 2019","1,425.00","1,439.95","1,441.70","1,420.10","2.01M","-0.51%"
"Oct 24, 2019","1,432.25","1,460.00","1,467.00","1,426.35","3.65M","0.03%"
"Oct 23, 2019","1,431.80","1,445.00","1,448.90","1,418.60","2.41M","-0.75%"
"Oct 22, 2019","1,442.55","1,448.50","1,467.80","1,439.15","2.86M","-0.36%"
"Oct 18, 2019","1,447.80","1,428.00","1,457.00","1,425.40","3.52M","1.65%"
"Oct 17, 2019","1,424.35","1,428.00","1,438.60","1,420.20","2.30M","0.01%"
"Oct 16, 2019","1,424.20","1,440.00","1,441.80","1,416.25","2.45M","-0.56%"
"Oct 15, 2019","1,432.25","1,429.10","1,444.80","1,420.65","1.80M","0.58%"
"Oct 14, 2019","1,423.95","1,435.00","1,439.90","1,418.35","2.22M","-0.26%"
"Oct 11, 2019","1,427.70","1,431.00","1,450.00","1,420.20","2.02M","0.18%"
"Oct 10, 2019","1,425.10","1,423.00","1,432.00","1,407.05","1.63M","-0.08%"
"Oct 09, 2019","1,426.25","1,401.00","1,433.40","1,399.10","1.82M","2.03%"
"Oct 07, 2019","1,397.85","1,420.00","1,429.00","1,381.05","2.19M","-1.90%"
"Oct 04, 2019","1,424.90","1,463.80","1,474.00","1,420.10","3.27M","-2.27%"
"Oct 03, 2019","1,458.05","1,445.45","1,475.50","1,422.25","1.97M","-0.41%"
"Oct 01, 2019","1,464.05","1,480.00","1,496.45","1,439.15","2.58M","-0.69%"
"Sep 30, 2019","1,474.25","1,473.00","1,484.00","1,448.20","2.96M","0.11%"
"Sep 27, 2019","1,472.65","1,484.05","1,491.70","1,462.00","2.17M","-1.15%"
"Sep 26, 2019","1,489.85","1,456.30","1,495.00","1,456.30","3.56M","2.74%"
"Sep 25, 2019","1,450.10","1,480.90","1,481.70","1,446.65","2.75M","-2.11%"
"Sep 24, 2019","1,481.30","1,524.00","1,524.00","1,475.55","3.83M","-3.09%"
"Sep 23, 2019","1,528.50","1,452.00","1,551.00","1,451.00","12.08M","8.29%"
"Sep 20, 2019","1,411.50","1,305.00","1,416.45","1,289.10","9.98M","8.52%"
"Sep 19, 2019","1,300.70","1,320.00","1,320.20","1,298.00","1.81M","-1.31%"
"Sep 18, 2019","1,318.00","1,320.10","1,328.40","1,313.30","2.08M","0.33%"
"Sep 17, 2019","1,313.70","1,344.00","1,345.00","1,310.20","2.21M","-2.23%"
"Sep 16, 2019","1,343.60","1,354.00","1,356.95","1,338.60","1.84M","-1.46%"
"Sep 13, 2019","1,363.45","1,362.00","1,366.95","1,344.10","1.77M","0.08%"
"Sep 12, 2019","1,362.40","1,370.10","1,379.75","1,355.35","2.25M","-0.09%"
"Sep 11, 2019","1,363.65","1,364.00","1,383.80","1,356.00","2.55M","0.49%"
"Sep 09, 2019","1,357.00","1,330.00","1,361.80","1,323.05","3.51M","2.13%"
"Sep 06, 2019","1,328.65","1,328.45","1,334.00","1,320.35","1.69M","0.63%"
"Sep 05, 2019","1,320.30","1,312.85","1,338.00","1,308.65","2.76M","0.94%"
"Sep 04, 2019","1,308.05","1,296.00","1,314.30","1,292.40","2.79M","1.05%"
"Sep 03, 2019","1,294.40","1,327.00","1,327.00","1,290.00","3.62M","-2.55%"
"Aug 30, 2019","1,328.25","1,344.95","1,356.90","1,302.90","3.72M","-1.06%"
"Aug 29, 2019","1,342.45","1,339.90","1,355.00","1,332.25","2.42M","-0.16%"
"Aug 28, 2019","1,344.65","1,362.10","1,370.00","1,336.10","2.27M","-0.91%"
"Aug 27, 2019","1,356.95","1,344.85","1,379.95","1,343.65","5.43M","1.75%"
"Aug 26, 2019","1,333.65","1,310.00","1,343.20","1,276.55","3.76M","3.66%"
"Aug 23, 2019","1,286.50","1,290.00","1,297.45","1,274.00","5.25M","-0.60%"
"Aug 22, 2019","1,294.25","1,302.00","1,327.45","1,283.15","3.78M","-1.25%"
"Aug 21, 2019","1,310.65","1,341.20","1,341.90","1,302.55","2.36M","-2.37%"
"Aug 20, 2019","1,342.50","1,352.95","1,355.55","1,334.00","2.15M","-0.72%"
"Aug 19, 2019","1,352.20","1,339.00","1,360.95","1,339.00","2.51M","1.27%"
"Aug 16, 2019","1,335.25","1,335.00","1,339.90","1,320.50","2.65M","0.12%"
"Aug 14, 2019","1,333.70","1,320.00","1,340.95","1,316.00","2.80M","1.56%"
"Aug 13, 2019","1,313.25","1,370.00","1,370.00","1,307.00","3.14M","-3.76%"
"Aug 09, 2019","1,364.60","1,372.00","1,392.50","1,361.10","2.42M","0.29%"
"Aug 08, 2019","1,360.65","1,370.00","1,372.00","1,340.10","2.79M","0.04%"
"Aug 07, 2019","1,360.05","1,380.00","1,389.90","1,352.85","2.25M","-1.27%"
"Aug 06, 2019","1,377.50","1,342.70","1,399.40","1,340.05","4.15M","2.36%"
"Aug 05, 2019","1,345.80","1,355.00","1,358.80","1,325.00","2.29M","-1.78%"
"Aug 02, 2019","1,370.25","1,352.60","1,376.90","1,340.00","2.78M","0.90%"
"Aug 01, 2019","1,358.05","1,380.00","1,386.00","1,339.00","2.77M","-2.11%"
"Jul 31, 2019","1,387.30","1,371.65","1,397.95","1,367.10","2.69M","0.80%"
"Jul 30, 2019","1,376.35","1,376.00","1,393.15","1,372.30","2.71M","0.35%"
"Jul 29, 2019","1,371.50","1,393.45","1,398.00","1,360.50","1.99M","-1.48%"
"Jul 26, 2019","1,392.15","1,370.90","1,397.25","1,363.10","3.02M","1.44%"
"Jul 25, 2019","1,372.40","1,395.10","1,402.90","1,369.00","4.18M","-1.08%"
"Jul 24, 2019","1,387.35","1,410.25","1,420.20","1,376.15","5.43M","-1.57%"
"Jul 23, 2019","1,409.50","1,414.80","1,414.80","1,386.20","4.01M","0.41%"
"Jul 22, 2019","1,403.70","1,409.60","1,419.00","1,394.00","2.65M","-0.56%"
"Jul 19, 2019","1,411.55","1,446.40","1,446.80","1,402.10","3.20M","-1.65%"
"Jul 18, 2019","1,435.20","1,444.80","1,454.95","1,432.00","2.34M","-1.39%"
"Jul 17, 2019","1,455.45","1,461.00","1,470.55","1,452.00","2.23M","-0.39%"
"Jul 16, 2019","1,461.20","1,442.00","1,464.00","1,426.90","3.65M","1.43%"
"Jul 15, 2019","1,440.60","1,471.00","1,473.95","1,431.90","3.95M","-1.79%"
"Jul 12, 2019","1,466.85","1,499.00","1,499.00","1,462.00","3.50M","-1.90%"
"Jul 11, 2019","1,495.20","1,512.00","1,512.95","1,490.10","2.16M","-0.29%"
"Jul 10, 2019","1,499.55","1,523.80","1,529.60","1,482.70","2.82M","-1.77%"
"Jul 09, 2019","1,526.60","1,486.60","1,538.40","1,485.35","4.33M","2.43%"
"Jul 08, 2019","1,490.35","1,549.90","1,551.25","1,461.55","4.70M","-4.36%"
"Jul 05, 2019","1,558.35","1,581.00","1,591.65","1,545.55","3.69M","-0.85%"
"Jul 04, 2019","1,571.70","1,582.95","1,590.60","1,568.25","1.98M","-0.40%"
"Jul 03, 2019","1,578.05","1,565.00","1,583.90","1,560.20","2.80M","0.91%"
"Jul 02, 2019","1,563.85","1,560.00","1,565.95","1,553.00","1.29M","0.46%"
"Jul 01, 2019","1,556.65","1,563.45","1,569.00","1,552.25","1.54M","0.22%"
"Jun 28, 2019","1,553.20","1,556.20","1,573.90","1,547.65","3.00M","0.15%"
"Jun 27, 2019","1,550.90","1,560.00","1,568.95","1,540.65","3.76M","-0.02%"
"Jun 26, 2019","1,551.20","1,533.00","1,563.75","1,529.00","2.79M","1.06%"
"Jun 25, 2019","1,535.00","1,545.80","1,552.00","1,521.10","2.38M","-0.39%"
"Jun 24, 2019","1,541.00","1,545.50","1,563.45","1,537.15","1.94M","0.08%"
"Jun 21, 2019","1,539.75","1,560.00","1,569.95","1,530.00","3.03M","-1.11%"
"Jun 20, 2019","1,557.10","1,509.25","1,563.00","1,507.05","3.48M","3.45%"
"Jun 19, 2019","1,505.15","1,513.95","1,530.00","1,497.00","2.14M","-0.01%"
"Jun 18, 2019","1,505.30","1,500.00","1,519.95","1,497.80","2.10M","0.44%"
"Jun 17, 2019","1,498.75","1,530.00","1,537.00","1,495.25","2.05M","-1.81%"
"Jun 14, 2019","1,526.30","1,521.00","1,539.90","1,513.05","1.85M","0.58%"
"Jun 13, 2019","1,517.55","1,509.00","1,529.00","1,504.60","1.83M","0.55%"
"Jun 12, 2019","1,509.25","1,524.10","1,525.90","1,503.70","1.50M","-0.99%"
"Jun 11, 2019","1,524.30","1,540.20","1,540.20","1,522.00","1.75M","-0.51%"
"Jun 10, 2019","1,532.10","1,525.00","1,542.00","1,521.30","1.61M","1.21%"
"Jun 07, 2019","1,513.85","1,518.55","1,533.70","1,495.50","2.57M","-0.14%"
"Jun 06, 2019","1,515.90","1,569.65","1,571.80","1,511.60","3.27M","-3.43%"
"Jun 04, 2019","1,569.80","1,561.00","1,585.00","1,558.00","3.85M","0.67%"
"Jun 03, 2019","1,559.40","1,563.70","1,570.00","1,546.40","2.62M","0.12%"
"May 31, 2019","1,557.55","1,569.95","1,581.50","1,534.80","3.95M","-0.07%"
"May 30, 2019","1,558.60","1,550.00","1,569.35","1,540.00","2.68M","0.40%"
"May 29, 2019","1,552.45","1,570.20","1,596.95","1,546.20","3.07M","-1.40%"
"May 28, 2019","1,574.50","1,596.00","1,607.00","1,563.30","4.99M","-1.35%"
"May 27, 2019","1,596.00","1,543.70","1,600.00","1,532.10","6.73M","3.36%"
"May 24, 2019","1,544.15","1,493.00","1,549.20","1,490.35","5.63M","4.61%"
"May 23, 2019","1,476.10","1,476.20","1,562.40","1,466.00","10.49M","1.03%"
"May 22, 2019","1,461.10","1,450.10","1,473.40","1,441.60","3.30M","0.83%"
"May 21, 2019","1,449.10","1,455.00","1,462.05","1,437.85","2.96M","-0.16%"
"May 20, 2019","1,451.45","1,400.00","1,455.00","1,400.00","6.21M","6.58%"
"May 17, 2019","1,361.90","1,335.00","1,371.50","1,332.55","2.78M","1.85%"
"May 16, 2019","1,337.15","1,326.00","1,348.00","1,308.30","2.06M","0.86%"
"May 15, 2019","1,325.80","1,347.50","1,355.00","1,320.50","2.05M","-1.19%"
"May 14, 2019","1,341.80","1,309.00","1,347.65","1,285.30","3.13M","1.83%"
"May 13, 2019","1,317.65","1,345.00","1,355.00","1,312.00","3.42M","-2.79%"
"May 10, 2019","1,355.50","1,359.65","1,362.50","1,345.10","1.47M","-0.07%"
"May 09, 2019","1,356.45","1,357.00","1,368.80","1,337.60","2.46M","-0.29%"
"May 08, 2019","1,360.35","1,363.90","1,371.00","1,355.00","1.60M","-0.46%"
"May 07, 2019","1,366.60","1,357.40","1,374.35","1,350.00","2.60M","1.03%"
"May 06, 2019","1,352.70","1,353.30","1,364.85","1,349.90","1.52M","-0.80%"
"May 03, 2019","1,363.60","1,362.00","1,373.20","1,360.00","1.24M","0.36%"
"May 02, 2019","1,358.75","1,349.45","1,376.50","1,342.00","1.99M","0.76%"
"Apr 30, 2019","1,348.55","1,365.00","1,366.50","1,340.00","1.91M","-0.71%"
"Apr 26, 2019","1,358.20","1,358.20","1,367.00","1,351.00","1.77M","0.23%"
"Apr 25, 2019","1,355.15","1,366.85","1,380.55","1,352.15","2.89M","-0.40%"
"Apr 24, 2019","1,360.65","1,353.00","1,363.45","1,350.00","1.75M","0.92%"
"Apr 23, 2019","1,348.20","1,361.70","1,365.00","1,336.60","2.02M","-0.88%"
"Apr 22, 2019","1,360.15","1,362.00","1,370.90","1,352.50","3.10M","-0.04%"
"Apr 18, 2019","1,360.70","1,387.00","1,387.60","1,357.40","2.59M","-1.50%"
"Apr 16, 2019","1,381.40","1,360.00","1,390.90","1,360.00","3.22M","1.81%"
"Apr 15, 2019","1,356.90","1,365.00","1,368.00","1,354.00","1.93M","-0.29%"
"Apr 12, 2019","1,360.90","1,380.00","1,381.85","1,358.30","2.75M","-1.24%"
"Apr 11, 2019","1,378.00","1,371.65","1,387.95","1,371.65","3.11M","0.47%"
"Apr 10, 2019","1,371.55","1,370.00","1,382.00","1,365.00","2.01M","-0.27%"
"Apr 09, 2019","1,375.20","1,375.90","1,387.00","1,366.00","2.21M","0.11%"
"Apr 08, 2019","1,373.65","1,379.70","1,386.80","1,365.45","1.01M","-0.01%"
"Apr 05, 2019","1,373.80","1,373.75","1,392.75","1,370.30","2.04M","0.37%"
"Apr 04, 2019","1,368.70","1,384.90","1,393.90","1,365.70","1.98M","-0.68%"
"Apr 03, 2019","1,378.05","1,409.40","1,415.00","1,375.00","2.37M","-2.25%"
"Apr 02, 2019","1,409.75","1,415.10","1,426.95","1,403.50","2.74M","-0.17%"
"Apr 01, 2019","1,412.20","1,390.10","1,424.00","1,390.10","3.84M","1.94%"
"Mar 29, 2019","1,385.30","1,394.90","1,405.00","1,380.50","2.92M","-0.10%"
"Mar 28, 2019","1,386.70","1,371.00","1,392.50","1,364.00","3.18M","1.48%"
"Mar 27, 2019","1,366.45","1,379.00","1,391.10","1,363.15","2.56M","-0.46%"
"Mar 26, 2019","1,372.80","1,379.80","1,388.80","1,367.75","2.02M","-0.29%"
"Mar 25, 2019","1,376.75","1,387.00","1,389.00","1,370.10","1.67M","-1.29%"
"Mar 22, 2019","1,394.70","1,379.00","1,415.00","1,376.20","3.79M","1.74%"
"Mar 20, 2019","1,370.90","1,362.00","1,382.00","1,361.00","3.87M","0.95%"
"Mar 19, 2019","1,357.95","1,371.00","1,374.95","1,346.50","4.05M","-1.52%"
"Mar 18, 2019","1,378.90","1,397.00","1,411.70","1,370.35","2.45M","-1.26%"
"Mar 15, 2019","1,396.50","1,386.00","1,410.80","1,378.60","5.72M","1.21%"
"Mar 14, 2019","1,379.75","1,384.70","1,396.00","1,377.00","1.84M","0.08%"
"Mar 13, 2019","1,378.60","1,395.70","1,397.55","1,372.85","2.24M","-0.74%"
"Mar 12, 2019","1,388.90","1,355.00","1,403.00","1,355.00","6.63M","3.15%"
"Mar 11, 2019","1,346.55","1,343.55","1,351.00","1,340.00","2.66M","0.53%"
"Mar 08, 2019","1,339.40","1,350.00","1,363.00","1,337.00","4.87M","-0.96%"
"Mar 07, 2019","1,352.40","1,323.85","1,357.30","1,310.00","6.21M","2.69%"
"Mar 06, 2019","1,317.00","1,310.50","1,327.55","1,310.50","2.78M","0.86%"
"Mar 05, 2019","1,305.80","1,302.00","1,310.40","1,277.05","3.95M","-0.21%"
"Mar 01, 2019","1,308.55","1,300.30","1,311.95","1,297.25","2.83M","1.21%"
"Feb 28, 2019","1,292.95","1,293.00","1,302.95","1,273.30","9.32M","0.64%"
"Feb 27, 2019","1,284.70","1,270.55","1,295.00","1,268.00","3.56M","1.49%"
"Feb 26, 2019","1,265.85","1,263.80","1,275.00","1,253.00","2.42M","-0.78%"
"Feb 25, 2019","1,275.85","1,280.35","1,286.45","1,264.00","5.87M","-0.35%"
"Feb 22, 2019","1,280.35","1,282.00","1,283.40","1,265.50","2.39M","-0.29%"
"Feb 21, 2019","1,284.10","1,282.00","1,291.50","1,265.10","2.39M","0.59%"
"Feb 20, 2019","1,276.55","1,265.00","1,282.65","1,264.20","2.43M","1.45%"
"Feb 19, 2019","1,258.30","1,245.00","1,270.00","1,245.00","2.39M","1.11%"
"Feb 18, 2019","1,244.50","1,245.00","1,259.55","1,240.00","2.19M","0.11%"
"Feb 15, 2019","1,243.10","1,244.00","1,253.90","1,230.90","3.62M","1.26%"
"Feb 14, 2019","1,227.60","1,219.00","1,231.75","1,201.10","6.97M","0.90%"
"Feb 13, 2019","1,216.65","1,248.20","1,254.85","1,211.90","2.53M","-2.42%"
"Feb 12, 2019","1,246.85","1,244.50","1,264.90","1,241.55","1.57M","0.03%"
"Feb 11, 2019","1,246.50","1,259.00","1,259.00","1,221.00","2.98M","-1.21%"
"Feb 08, 2019","1,261.75","1,295.00","1,298.90","1,255.55","2.99M","-2.65%"
"Feb 07, 2019","1,296.05","1,314.00","1,320.85","1,289.20","1.56M","-1.40%"
"Feb 06, 2019","1,314.40","1,308.00","1,322.00","1,293.05","2.03M","0.75%"
"Feb 05, 2019","1,304.60","1,310.70","1,323.00","1,300.00","1.45M","-0.21%"
"Feb 04, 2019","1,307.40","1,326.85","1,326.85","1,302.60","2.31M","-1.30%"
"Feb 01, 2019","1,324.60","1,315.50","1,334.55","1,313.00","2.52M","0.78%"
"Jan 31, 2019","1,314.30","1,304.00","1,321.70","1,296.55","5.85M","1.53%"
"Jan 30, 2019","1,294.45","1,284.30","1,309.00","1,281.00","2.39M","1.28%"
"Jan 29, 2019","1,278.05","1,304.00","1,308.80","1,268.20","3.69M","-1.72%"
"Jan 28, 2019","1,300.45","1,295.45","1,337.90","1,291.65","8.00M","1.17%"
"Jan 25, 2019","1,285.45","1,300.00","1,314.10","1,281.50","3.14M","-0.76%"
"Jan 24, 2019","1,295.35","1,305.00","1,305.55","1,287.00","1.65M","-0.47%"
"Jan 23, 2019","1,301.45","1,301.00","1,306.90","1,293.55","1.82M","0.02%"
"Jan 22, 2019","1,301.15","1,316.90","1,321.50","1,298.10","2.54M","-1.02%"
"Jan 21, 2019","1,314.55","1,279.00","1,337.25","1,273.45","8.81M","-0.25%"
"Jan 18, 2019","1,317.90","1,350.85","1,352.00","1,313.00","2.14M","-2.09%"
"Jan 17, 2019","1,346.05","1,345.10","1,351.80","1,336.95","1.61M","0.29%"
"Jan 16, 2019","1,342.15","1,342.90","1,361.50","1,336.00","2.45M","0.09%"
"Jan 15, 2019","1,340.90","1,340.00","1,348.00","1,330.00","3.08M","0.52%"
"Jan 14, 2019","1,333.90","1,367.20","1,367.20","1,331.00","3.08M","-2.61%"
"Jan 11, 2019","1,369.60","1,393.00","1,393.90","1,361.05","2.49M","-1.65%"
"Jan 10, 2019","1,392.60","1,388.00","1,398.90","1,383.25","1.06M","0.47%"
"Jan 09, 2019","1,386.05","1,389.50","1,393.55","1,372.00","1.41M","0.28%"
"Jan 08, 2019","1,382.20","1,387.50","1,393.85","1,375.00","1.44M","-0.12%"
"Jan 07, 2019","1,383.80","1,397.00","1,408.60","1,379.05","1.85M","-0.31%"
"Jan 04, 2019","1,388.05","1,401.90","1,407.60","1,373.55","2.71M","-0.50%"
"Jan 03, 2019","1,395.00","1,426.00","1,429.00","1,391.00","2.29M","-2.14%"
"Jan 02, 2019","1,425.50","1,441.00","1,444.90","1,417.10","2.06M","-1.14%"
"Jan 01, 2019","1,441.90","1,445.00","1,445.00","1,425.20","786.85K","0.30%"
"Dec 31, 2018","1,437.55","1,445.00","1,450.00","1,431.20","1.49M","-0.13%"
"Dec 28, 2018","1,439.40","1,426.55","1,448.00","1,426.30","1.92M","1.01%"
"Dec 27, 2018","1,425.05","1,429.20","1,434.35","1,408.50","1.87M","0.17%"
"Dec 26, 2018","1,422.65","1,398.80","1,432.00","1,384.30","1.71M","1.27%"
"Dec 24, 2018","1,404.80","1,427.60","1,428.70","1,400.00","1.39M","-1.07%"
"Dec 21, 2018","1,420.00","1,450.80","1,459.70","1,415.20","1.98M","-2.12%"
"Dec 20, 2018","1,450.80","1,430.60","1,453.00","1,423.25","2.78M","1.12%"
"Dec 19, 2018","1,434.75","1,431.00","1,438.00","1,426.40","2.07M","0.44%"
"Dec 18, 2018","1,428.50","1,405.00","1,430.00","1,405.00","1.57M","1.46%"
"Dec 17, 2018","1,408.00","1,395.40","1,424.40","1,395.05","1.61M","-0.24%"
"Dec 14, 2018","1,411.40","1,423.45","1,428.55","1,405.05","2.19M","-1.06%"
"Dec 13, 2018","1,426.45","1,413.70","1,429.00","1,406.00","1.86M","1.87%"
"Dec 12, 2018","1,400.30","1,368.60","1,407.65","1,365.50","1.75M","2.86%"
"Dec 11, 2018","1,361.40","1,358.00","1,369.85","1,343.65","2.30M","-0.46%"
"Dec 10, 2018","1,367.75","1,374.70","1,386.40","1,358.20","1.66M","-2.30%"
"Dec 07, 2018","1,399.90","1,387.00","1,404.00","1,372.10","1.19M","1.48%"
"Dec 06, 2018","1,379.50","1,387.80","1,397.05","1,372.05","1.57M","-1.10%"
"Dec 05, 2018","1,394.80","1,412.00","1,419.00","1,389.15","1.58M","-1.77%"
"Dec 04, 2018","1,419.90","1,423.05","1,429.75","1,415.00","1.06M","-0.53%"
"Dec 03, 2018","1,427.50","1,435.05","1,439.95","1,412.00","1.12M","-0.35%"
"Nov 30, 2018","1,432.50","1,425.15","1,438.15","1,410.00","2.02M","0.71%"
"Nov 29, 2018","1,422.45","1,413.65","1,435.50","1,407.50","2.82M","1.36%"
"Nov 28, 2018","1,403.40","1,431.60","1,434.00","1,399.00","1.39M","-1.97%"
"Nov 27, 2018","1,431.60","1,419.45","1,434.00","1,415.35","1.96M","0.68%"
"Nov 26, 2018","1,422.00","1,410.20","1,430.00","1,410.20","2.63M","0.84%"
"Nov 22, 2018","1,410.15","1,405.00","1,419.50","1,396.20","1.72M","0.57%"
"Nov 21, 2018","1,402.10","1,410.00","1,413.75","1,393.25","1.32M","-0.78%"
"Nov 20, 2018","1,413.10","1,410.25","1,423.10","1,407.70","1.89M","-0.29%"
"Nov 19, 2018","1,417.20","1,400.00","1,419.85","1,395.05","1.93M","1.30%"
"Nov 16, 2018","1,399.05","1,402.75","1,414.00","1,391.50","1.73M","0.04%"
"Nov 15, 2018","1,398.50","1,388.00","1,408.00","1,386.10","2.89M","1.00%"
"Nov 14, 2018","1,384.70","1,394.00","1,398.00","1,379.00","1.36M","-0.46%"
"Nov 13, 2018","1,391.10","1,364.00","1,395.00","1,358.20","2.07M","1.75%"
"Nov 12, 2018","1,367.20","1,372.90","1,384.50","1,362.00","2.17M","-0.10%"
"Nov 09, 2018","1,368.60","1,365.95","1,379.00","1,360.00","1.25M","0.19%"
"Nov 07, 2018","1,365.95","1,370.00","1,370.00","1,363.65","255.09K","0.15%"
"Nov 06, 2018","1,363.85","1,350.15","1,369.80","1,350.05","1.62M","1.01%"
"Nov 05, 2018","1,350.15","1,358.30","1,365.00","1,343.55","1.46M","-0.59%"
"Nov 02, 2018","1,358.20","1,340.00","1,369.85","1,340.00","2.67M","2.37%"
"Nov 01, 2018","1,326.75","1,337.45","1,384.00","1,321.60","8.90M","2.25%"
"Oct 31, 2018","1,297.50","1,266.00","1,304.00","1,249.20","3.12M","2.06%"
"Oct 30, 2018","1,271.25","1,258.40","1,278.65","1,248.25","1.96M","0.79%"
"Oct 29, 2018","1,261.30","1,201.00","1,264.50","1,198.25","2.14M","5.33%"
"Oct 26, 2018","1,197.45","1,200.60","1,213.00","1,191.30","1.10M","-0.34%"
"Oct 25, 2018","1,201.55","1,208.00","1,212.05","1,195.15","3.06M","-1.42%"
"Oct 24, 2018","1,218.90","1,211.20","1,222.30","1,204.10","1.48M","1.52%"
"Oct 23, 2018","1,200.70","1,195.90","1,209.05","1,182.50","2.11M","-0.49%"
"Oct 22, 2018","1,206.60","1,214.00","1,218.65","1,200.10","1.45M","0.05%"
"Oct 19, 2018","1,206.05","1,200.00","1,211.90","1,186.00","2.01M","-0.48%"
"Oct 17, 2018","1,211.90","1,236.65","1,238.00","1,208.70","1.75M","-1.04%"
"Oct 16, 2018","1,224.65","1,220.00","1,228.95","1,215.55","2.34M","0.68%"
"Oct 15, 2018","1,216.40","1,230.00","1,236.80","1,208.40","2.95M","-1.53%"
"Oct 12, 2018","1,235.25","1,224.80","1,245.00","1,218.75","2.77M","0.77%"
"Oct 11, 2018","1,225.85","1,230.00","1,237.00","1,220.10","3.94M","-1.98%"
"Oct 10, 2018","1,250.65","1,227.00","1,265.90","1,223.70","4.13M","2.42%"
"Oct 09, 2018","1,221.05","1,222.80","1,236.05","1,215.45","2.56M","0.47%"
"Oct 08, 2018","1,215.35","1,230.00","1,244.00","1,203.10","3.96M","-0.98%"
"Oct 05, 2018","1,227.40","1,258.00","1,267.70","1,215.85","4.21M","-2.42%"
"Oct 04, 2018","1,257.90","1,258.00","1,292.90","1,251.25","7.40M","1.00%"
"Oct 03, 2018","1,245.45","1,247.10","1,262.00","1,226.65","4.30M","-0.21%"
"Oct 01, 2018","1,248.10","1,274.00","1,274.00","1,217.55","4.96M","-1.89%"
"Sep 28, 2018","1,272.10","1,314.50","1,316.70","1,250.15","4.30M","-2.89%"
"Sep 27, 2018","1,309.90","1,336.85","1,337.00","1,296.50","3.85M","-1.71%"
"Sep 26, 2018","1,332.65","1,329.00","1,336.80","1,309.00","2.85M","1.03%"
"Sep 25, 2018","1,319.05","1,316.00","1,332.70","1,308.00","2.68M","0.05%"
"Sep 24, 2018","1,318.35","1,333.30","1,338.80","1,302.30","2.43M","-0.85%"
"Sep 21, 2018","1,329.70","1,342.20","1,352.45","1,309.55","2.31M","-0.24%"
"Sep 19, 2018","1,332.90","1,332.95","1,343.00","1,326.00","867.00K","0.38%"
"Sep 18, 2018","1,327.90","1,343.80","1,350.15","1,325.25","1.50M","-1.25%"
"Sep 17, 2018","1,344.75","1,351.55","1,353.80","1,339.60","912.43K","-1.04%"
"Sep 14, 2018","1,358.85","1,356.00","1,367.20","1,350.55","1.46M","0.49%"
"Sep 12, 2018","1,352.25","1,335.00","1,355.95","1,320.50","1.32M","1.70%"
"Sep 11, 2018","1,329.65","1,341.55","1,347.75","1,326.80","1.62M","-0.53%"
"Sep 10, 2018","1,336.80","1,347.75","1,352.00","1,335.00","1.23M","-0.79%"
"Sep 07, 2018","1,347.50","1,349.00","1,357.00","1,341.00","1.31M","0.03%"
"Sep 06, 2018","1,347.10","1,349.80","1,355.60","1,338.80","1.59M","-0.07%"
"Sep 05, 2018","1,348.00","1,357.90","1,363.90","1,341.40","2.41M","-0.83%"
"Sep 04, 2018","1,359.30","1,365.00","1,371.60","1,354.10","1.52M","-0.27%"
"Sep 03, 2018","1,363.00","1,375.00","1,390.00","1,360.10","2.35M","-0.48%"
"Aug 31, 2018","1,369.55","1,348.95","1,374.00","1,348.95","3.55M","1.71%"
"Aug 30, 2018","1,346.55","1,351.15","1,362.90","1,344.00","2.29M","-0.37%"
"Aug 29, 2018","1,351.55","1,356.80","1,356.80","1,344.70","1.44M","-0.30%"
"Aug 28, 2018","1,355.60","1,362.35","1,366.00","1,352.00","1.89M","-0.04%"
"Aug 27, 2018","1,356.10","1,355.00","1,366.00","1,345.40","2.60M","0.98%"
"Aug 24, 2018","1,342.90","1,353.70","1,363.00","1,341.00","3.51M","-0.68%"
"Aug 23, 2018","1,352.05","1,329.20","1,363.90","1,318.70","8.25M","2.23%"
"Aug 21, 2018","1,322.55","1,335.00","1,335.00","1,315.00","3.06M","-0.09%"
"Aug 20, 2018","1,323.70","1,300.00","1,331.90","1,282.00","11.23M","6.74%"
"Aug 17, 2018","1,240.15","1,239.00","1,247.80","1,231.45","1.75M","0.69%"
"Aug 16, 2018","1,231.65","1,247.90","1,262.65","1,226.00","2.29M","-1.72%"
"Aug 14, 2018","1,253.25","1,264.15","1,266.70","1,250.10","2.15M","-1.25%"
"Aug 13, 2018","1,269.05","1,264.50","1,278.80","1,252.00","1.63M","0.35%"
"Aug 10, 2018","1,264.65","1,282.35","1,295.40","1,262.00","1.78M","-1.56%"
"Aug 09, 2018","1,284.70","1,299.95","1,303.90","1,282.75","1.04M","-1.04%"
"Aug 08, 2018","1,298.25","1,297.65","1,308.80","1,290.15","1.31M","0.23%"
"Aug 07, 2018","1,295.30","1,296.70","1,308.00","1,292.35","1.46M","0.38%"
"Aug 06, 2018","1,290.45","1,294.00","1,299.80","1,285.80","842.11K","0.03%"
"Aug 03, 2018","1,290.00","1,285.20","1,297.70","1,283.05","1.28M","0.59%"
"Aug 02, 2018","1,282.40","1,294.40","1,296.95","1,280.00","1.42M","-1.20%"
"Aug 01, 2018","1,298.00","1,306.00","1,308.85","1,292.95","1.92M","-0.33%"
"Jul 31, 2018","1,302.30","1,299.95","1,310.45","1,285.00","2.30M","0.54%"
"Jul 30, 2018","1,295.35","1,312.50","1,316.50","1,291.20","3.09M","-1.23%"
"Jul 27, 2018","1,311.45","1,313.70","1,319.50","1,300.50","1.79M","0.42%"
"Jul 26, 2018","1,305.95","1,331.80","1,346.90","1,293.25","7.49M","-1.12%"
"Jul 25, 2018","1,320.70","1,331.45","1,335.95","1,313.65","2.25M","-0.25%"
"Jul 24, 2018","1,324.00","1,285.00","1,328.00","1,281.00","4.07M","3.51%"
"Jul 23, 2018","1,279.15","1,270.50","1,283.00","1,262.20","1.23M","0.69%"
"Jul 20, 2018","1,270.35","1,257.50","1,289.00","1,255.55","1.94M","0.97%"
"Jul 19, 2018","1,258.10","1,294.30","1,296.65","1,253.00","1.47M","-2.64%"
"Jul 18, 2018","1,292.15","1,295.00","1,308.00","1,283.00","1.86M","0.41%"
"Jul 17, 2018","1,286.85","1,285.05","1,291.00","1,268.80","1.60M","0.29%"
"Jul 16, 2018","1,283.10","1,300.00","1,301.15","1,277.90","1.59M","-1.18%"
"Jul 13, 2018","1,298.40","1,307.00","1,319.00","1,287.25","2.36M","-0.10%"
"Jul 12, 2018","1,299.75","1,280.10","1,304.50","1,275.00","2.78M","1.96%"
"Jul 11, 2018","1,274.75","1,283.55","1,285.95","1,271.60","1.33M","-0.77%"
"Jul 10, 2018","1,284.60","1,294.45","1,298.00","1,272.75","1.92M","-0.26%"
"Jul 09, 2018","1,288.00","1,271.80","1,291.45","1,263.20","2.02M","1.71%"
"Jul 06, 2018","1,266.30","1,251.00","1,278.25","1,244.90","2.06M","0.94%"
"Jul 05, 2018","1,254.45","1,265.00","1,265.00","1,245.60","2.01M","-0.40%"
"Jul 04, 2018","1,259.50","1,251.90","1,261.40","1,243.20","1.84M","0.64%"
"Jul 03, 2018","1,251.50","1,259.25","1,264.00","1,246.05","2.10M","-0.35%"
"Jul 02, 2018","1,255.95","1,277.90","1,277.95","1,242.90","3.83M","-1.50%"
"Jun 29, 2018","1,275.10","1,235.95","1,277.95","1,233.05","2.32M","3.25%"
"Jun 28, 2018","1,234.95","1,228.00","1,240.00","1,206.00","4.68M","0.18%"
"Jun 27, 2018","1,232.75","1,273.00","1,275.00","1,229.00","2.33M","-2.94%"
"Jun 26, 2018","1,270.05","1,268.80","1,283.50","1,261.10","2.00M","0.15%"
"Jun 25, 2018","1,268.15","1,301.00","1,303.75","1,264.25","1.62M","-2.44%"
"Jun 22, 2018","1,299.85","1,288.70","1,305.00","1,283.50","3.36M","0.78%"
"Jun 21, 2018","1,289.80","1,310.00","1,316.00","1,286.00","2.16M","-1.30%"
"Jun 20, 2018","1,306.75","1,311.05","1,319.20","1,300.00","2.21M","-0.28%"
"Jun 19, 2018","1,310.40","1,318.85","1,327.50","1,307.05","1.61M","-0.97%"
"Jun 18, 2018","1,323.20","1,331.25","1,337.40","1,321.05","951.70K","-0.50%"
"Jun 15, 2018","1,329.90","1,341.00","1,343.00","1,323.25","2.66M","-0.98%"
"Jun 14, 2018","1,343.00","1,354.00","1,359.45","1,340.00","1.33M","-1.16%"
"Jun 13, 2018","1,358.75","1,366.80","1,368.25","1,353.00","1.25M","-0.56%"
"Jun 12, 2018","1,366.40","1,348.00","1,368.45","1,344.60","1.85M","1.72%"
"Jun 11, 2018","1,343.25","1,343.00","1,355.00","1,337.00","1.42M","-0.05%"
"Jun 08, 2018","1,343.95","1,349.05","1,355.00","1,331.10","2.48M","-0.83%"
"Jun 07, 2018","1,355.15","1,360.40","1,366.00","1,348.95","2.27M","0.34%"
"Jun 06, 2018","1,350.55","1,331.00","1,355.00","1,331.00","1.58M","1.26%"
"Jun 05, 2018","1,333.75","1,361.80","1,361.80","1,326.60","1.91M","-1.77%"
"Jun 04, 2018","1,357.85","1,375.95","1,385.00","1,354.00","1.35M","-1.06%"
"Jun 01, 2018","1,372.40","1,375.80","1,396.00","1,362.60","2.23M","0.15%"
"May 31, 2018","1,370.40","1,370.95","1,377.45","1,356.00","2.93M","0.35%"
"May 30, 2018","1,365.65","1,380.00","1,380.00","1,357.15","2.29M","-1.08%"
"May 29, 2018","1,380.60","1,393.70","1,424.95","1,375.40","6.81M","0.30%"
"May 28, 2018","1,376.45","1,346.00","1,384.95","1,344.10","2.13M","2.57%"
"May 25, 2018","1,342.00","1,340.95","1,347.60","1,331.75","1.70M","0.30%"
"May 24, 2018","1,338.05","1,336.00","1,347.50","1,326.40","1.48M","0.84%"
"May 23, 2018","1,326.90","1,317.00","1,350.00","1,315.00","1.85M","0.51%"
"May 22, 2018","1,320.15","1,317.90","1,340.90","1,316.10","1.38M","0.53%"
"May 21, 2018","1,313.25","1,311.00","1,336.85","1,311.00","2.05M","-0.17%"
"May 18, 2018","1,315.55","1,350.00","1,360.60","1,312.00","2.07M","-2.98%"
"May 17, 2018","1,355.95","1,368.00","1,375.00","1,350.00","1.83M","-0.47%"
"May 16, 2018","1,362.35","1,364.90","1,374.05","1,358.70","1.49M","-0.86%"
"May 15, 2018","1,374.20","1,381.00","1,403.00","1,368.90","1.82M","-0.55%"
"May 14, 2018","1,381.75","1,381.55","1,399.00","1,377.00","1.27M","-0.41%"
"May 11, 2018","1,387.40","1,367.50","1,389.50","1,364.30","1.03M","1.85%"
"May 10, 2018","1,362.20","1,380.10","1,385.20","1,355.15","1.26M","-0.98%"
"May 09, 2018","1,375.65","1,362.20","1,382.60","1,361.25","1.27M","0.79%"
"May 08, 2018","1,364.90","1,391.30","1,393.00","1,356.15","1.60M","-1.75%"
"May 07, 2018","1,389.15","1,374.00","1,393.90","1,366.30","1.25M","1.49%"
"May 04, 2018","1,368.70","1,380.00","1,386.75","1,362.00","1.27M","-0.66%"
"May 03, 2018","1,377.75","1,405.70","1,406.55","1,374.60","1.28M","-1.81%"
"May 02, 2018","1,403.15","1,420.00","1,423.75","1,390.10","3.98M","0.16%"
"Apr 30, 2018","1,400.90","1,381.30","1,405.00","1,381.30","1.31M","1.68%"
"Apr 27, 2018","1,377.75","1,353.50","1,383.00","1,353.50","1.75M","2.27%"
"Apr 26, 2018","1,347.20","1,365.50","1,366.25","1,330.10","4.51M","-1.15%"
"Apr 25, 2018","1,362.90","1,375.90","1,376.75","1,356.95","1.54M","-1.10%"
"Apr 24, 2018","1,378.00","1,355.70","1,382.20","1,352.00","1.00M","1.32%"
"Apr 23, 2018","1,360.00","1,370.00","1,378.00","1,355.50","1.36M","-0.37%"
"Apr 20, 2018","1,365.05","1,385.00","1,385.00","1,359.00","1.09M","-1.44%"
"Apr 19, 2018","1,385.00","1,365.10","1,388.10","1,361.80","2.23M","1.83%"
"Apr 18, 2018","1,360.10","1,363.10","1,371.45","1,351.00","1.46M","0.04%"
"Apr 17, 2018","1,359.55","1,370.50","1,377.90","1,355.20","1.06M","-0.62%"
"Apr 16, 2018","1,368.10","1,347.90","1,372.00","1,346.15","1.30M","0.98%"
"Apr 13, 2018","1,354.85","1,362.00","1,364.35","1,340.60","1.32M","-0.19%"
"Apr 12, 2018","1,357.45","1,356.30","1,361.40","1,345.55","1.70M","0.35%"
"Apr 11, 2018","1,352.75","1,358.40","1,359.40","1,340.00","1.54M","0.21%"
"Apr 10, 2018","1,349.90","1,328.00","1,355.45","1,328.00","2.18M","1.66%"
"Apr 09, 2018","1,327.90","1,318.00","1,333.00","1,317.85","1.12M","0.86%"
"Apr 06, 2018","1,316.55","1,305.20","1,323.00","1,305.20","1.49M","-0.92%"
"Apr 05, 2018","1,328.80","1,314.00","1,335.05","1,311.00","1.76M","2.52%"
"Apr 04, 2018","1,296.15","1,331.00","1,332.70","1,290.20","1.29M","-2.57%"
"Apr 03, 2018","1,330.40","1,332.75","1,339.00","1,318.05","1.12M","-0.42%"
"Apr 02, 2018","1,335.95","1,313.00","1,339.50","1,312.05","1.30M","1.91%"
"Mar 28, 2018","1,310.90","1,301.10","1,325.00","1,292.40","3.99M","0.26%"
"Mar 27, 2018","1,307.55","1,307.00","1,314.00","1,301.00","2.00M","0.78%"
"Mar 26, 2018","1,297.40","1,268.00","1,300.10","1,268.00","1.70M","2.33%"
"Mar 23, 2018","1,267.90","1,278.60","1,283.30","1,261.50","2.28M","-2.19%"
"Mar 22, 2018","1,296.25","1,314.80","1,321.40","1,289.00","1.83M","-1.00%"
"Mar 21, 2018","1,309.35","1,295.00","1,313.60","1,295.00","2.84M","1.23%"
"Mar 20, 2018","1,293.50","1,275.00","1,300.00","1,275.00","2.83M","1.09%"
"Mar 19, 2018","1,279.55","1,280.00","1,292.00","1,265.85","4.45M","0.81%"
"Mar 16, 2018","1,269.30","1,299.90","1,303.90","1,260.40","5.15M","-1.99%"
"Mar 15, 2018","1,295.10","1,304.90","1,309.60","1,292.10","1.18M","-0.63%"
"Mar 14, 2018","1,303.25","1,303.00","1,313.00","1,292.00","1.71M","0.04%"
"Mar 13, 2018","1,302.75","1,311.40","1,322.95","1,294.05","1.92M","-0.56%"
"Mar 12, 2018","1,310.05","1,300.00","1,312.00","1,297.00","2.27M","1.51%"
"Mar 09, 2018","1,290.50","1,285.20","1,296.05","1,280.00","2.51M","0.52%"
"Mar 08, 2018","1,283.80","1,271.90","1,289.80","1,259.25","3.59M","1.62%"
"Mar 07, 2018","1,263.30","1,284.00","1,293.90","1,260.00","2.16M","-1.57%"
"Mar 06, 2018","1,283.40","1,308.70","1,318.90","1,275.00","2.38M","-1.33%"
"Mar 05, 2018","1,300.70","1,312.70","1,312.70","1,297.95","1.30M","-1.10%"
"Mar 01, 2018","1,315.20","1,319.00","1,332.90","1,313.10","1.93M","-0.22%"
"Feb 28, 2018","1,318.15","1,328.00","1,331.60","1,310.60","2.44M","-1.49%"
"Feb 27, 2018","1,338.10","1,347.50","1,355.80","1,331.30","2.24M","-0.46%"
"Feb 26, 2018","1,344.25","1,306.00","1,347.70","1,306.00","2.24M","3.27%"
"Feb 23, 2018","1,301.70","1,292.60","1,305.00","1,280.40","2.18M","0.75%"
"Feb 22, 2018","1,292.00","1,278.00","1,298.00","1,276.00","3.03M","0.72%"
"Feb 21, 2018","1,282.80","1,299.00","1,299.60","1,279.00","1.58M","-0.60%"
"Feb 20, 2018","1,290.60","1,300.00","1,309.60","1,287.25","2.06M","-0.38%"
"Feb 19, 2018","1,295.50","1,328.00","1,330.95","1,287.00","4.28M","-2.48%"
"Feb 16, 2018","1,328.40","1,358.00","1,364.00","1,320.45","1.42M","-1.63%"
"Feb 15, 2018","1,350.35","1,364.40","1,370.00","1,346.40","1.86M","-0.80%"
"Feb 14, 2018","1,361.20","1,354.70","1,372.50","1,345.60","2.31M","0.79%"
"Feb 12, 2018","1,350.50","1,334.55","1,355.00","1,334.55","1.54M","1.60%"
"Feb 09, 2018","1,329.25","1,324.80","1,343.00","1,318.10","2.03M","-1.35%"
"Feb 08, 2018","1,347.40","1,345.00","1,359.50","1,333.00","1.93M","1.02%"
"Feb 07, 2018","1,333.75","1,370.00","1,370.00","1,330.00","2.93M","-1.43%"
"Feb 06, 2018","1,353.05","1,319.95","1,372.35","1,294.25","4.23M","-0.78%"
"Feb 05, 2018","1,363.65","1,380.00","1,400.00","1,355.10","3.06M","-3.66%"
"Feb 02, 2018","1,415.45","1,448.00","1,448.00","1,410.05","3.62M","-2.76%"
"Feb 01, 2018","1,455.60","1,458.90","1,470.00","1,405.20","8.19M","2.76%"
"Jan 31, 2018","1,416.50","1,431.90","1,439.70","1,412.00","2.61M","-0.94%"
"Jan 30, 2018","1,429.90","1,429.95","1,436.70","1,406.75","1.99M","-0.14%"
"Jan 29, 2018","1,431.95","1,418.00","1,441.65","1,418.00","2.95M","1.09%"
"Jan 25, 2018","1,416.50","1,392.00","1,427.05","1,392.00","6.11M","1.09%"
"Jan 24, 2018","1,401.20","1,407.10","1,409.80","1,389.80","2.15M","-0.67%"
"Jan 23, 2018","1,410.70","1,406.00","1,415.00","1,393.10","4.80M","0.85%"
"Jan 22, 2018","1,398.85","1,289.20","1,403.65","1,289.20","3.07M","2.00%"
"Jan 19, 2018","1,371.45","1,362.00","1,378.65","1,353.50","2.13M","0.78%"
"Jan 18, 2018","1,360.80","1,360.00","1,385.00","1,350.45","4.97M","0.55%"
"Jan 17, 2018","1,353.35","1,323.00","1,357.00","1,320.25","2.72M","2.05%"
"Jan 16, 2018","1,326.20","1,331.05","1,339.65","1,323.35","3.14M","0.02%"
"Jan 15, 2018","1,325.95","1,334.85","1,351.20","1,323.60","2.39M","-0.24%"
"Jan 12, 2018","1,329.15","1,325.50","1,332.30","1,309.75","1.83M","0.42%"
"Jan 11, 2018","1,323.55","1,320.20","1,326.80","1,313.05","1.23M","-0.02%"
"Jan 10, 2018","1,323.75","1,332.20","1,336.50","1,317.65","1.10M","-0.68%"
"Jan 09, 2018","1,332.75","1,340.00","1,343.00","1,326.40","1.70M","-0.41%"
"Jan 08, 2018","1,338.25","1,316.50","1,345.95","1,316.50","3.51M","1.78%"
"Jan 05, 2018","1,314.90","1,325.00","1,328.95","1,308.00","2.42M","-0.06%"
"Jan 04, 2018","1,315.70","1,284.95","1,320.00","1,280.10","4.55M","3.17%"
"Jan 03, 2018","1,275.30","1,255.90","1,283.95","1,251.50","2.72M","2.04%"
"Jan 02, 2018","1,249.75","1,267.00","1,269.90","1,242.85","1.51M","-0.87%"
"Jan 01, 2018","1,260.70","1,261.00","1,274.00","1,255.90","2.05M","0.19%"
"Dec 29, 2017","1,258.25","1,262.00","1,270.00","1,247.95","1.82M","0.44%"
"Dec 28, 2017","1,252.75","1,257.50","1,264.95","1,249.45","2.85M","-0.41%"
"Dec 27, 2017","1,257.85","1,268.90","1,275.95","1,251.30","1.68M","-0.93%"
"Dec 26, 2017","1,269.70","1,271.80","1,275.00","1,257.30","2.49M","0.28%"
"Dec 22, 2017","1,266.15","1,260.40","1,270.00","1,253.00","2.49M","0.58%"
"Dec 21, 2017","1,258.80","1,239.00","1,265.00","1,237.00","3.66M","2.13%"
"Dec 20, 2017","1,232.50","1,217.20","1,240.45","1,209.00","3.29M","1.03%"
"Dec 19, 2017","1,219.90","1,222.00","1,222.00","1,213.35","2.88M","0.16%"
"Dec 18, 2017","1,217.90","1,195.00","1,224.00","1,175.00","2.85M","1.19%"
"Dec 15, 2017","1,203.55","1,202.00","1,216.25","1,201.00","2.16M","1.24%"
"Dec 14, 2017","1,188.80","1,196.50","1,200.00","1,176.10","1.71M","-0.04%"
"Dec 13, 2017","1,189.25","1,204.50","1,210.00","1,185.00","2.26M","-1.13%"
"Dec 12, 2017","1,202.90","1,221.20","1,221.50","1,200.50","2.01M","-1.55%"
"Dec 11, 2017","1,221.85","1,224.00","1,229.00","1,215.25","2.23M","0.12%"
"Dec 08, 2017","1,220.35","1,225.00","1,227.00","1,217.70","2.32M","0.16%"
"Dec 07, 2017","1,218.40","1,196.00","1,228.45","1,196.00","2.48M","2.28%"
"Dec 06, 2017","1,191.25","1,205.90","1,212.00","1,189.00","1.70M","-1.54%"
"Dec 05, 2017","1,209.90","1,214.50","1,214.50","1,191.35","2.14M","-0.62%"
"Dec 04, 2017","1,217.50","1,217.00","1,225.10","1,201.80","1.80M","0.48%"
"Dec 01, 2017","1,211.65","1,216.15","1,235.00","1,208.00","1.77M","-0.40%"
"Nov 30, 2017","1,216.55","1,215.00","1,223.90","1,209.00","3.42M","-0.11%"
"Nov 29, 2017","1,217.85","1,215.45","1,223.00","1,212.00","2.05M","0.51%"
"Nov 28, 2017","1,211.70","1,228.00","1,228.00","1,209.00","4.94M","-1.07%"
"Nov 27, 2017","1,224.75","1,215.00","1,234.00","1,215.00","1.46M","0.51%"
"Nov 24, 2017","1,218.50","1,216.00","1,224.00","1,213.50","1.64M","0.21%"
"Nov 23, 2017","1,215.95","1,222.00","1,229.20","1,211.30","1.65M","-0.55%"
"Nov 22, 2017","1,222.70","1,225.00","1,232.00","1,215.15","2.27M","0.00%"
"Nov 21, 2017","1,222.65","1,235.50","1,235.50","1,212.25","2.19M","-0.58%"
"Nov 20, 2017","1,229.80","1,240.00","1,248.00","1,224.00","2.80M","0.57%"
"Nov 17, 2017","1,222.80","1,230.00","1,239.45","1,215.00","2.26M","0.29%"
"Nov 16, 2017","1,219.30","1,211.10","1,223.90","1,209.00","2.00M","0.81%"
"Nov 15, 2017","1,209.50","1,210.50","1,225.00","1,206.05","1.80M","-0.06%"
"Nov 14, 2017","1,210.20","1,235.00","1,238.00","1,207.05","2.52M","-2.45%"
"Nov 13, 2017","1,240.55","1,229.80","1,259.95","1,208.20","5.22M","-1.93%"
"Nov 10, 2017","1,264.95","1,217.65","1,274.95","1,217.00","5.67M","4.03%"
"Nov 09, 2017","1,215.90","1,220.15","1,231.10","1,205.90","1.73M","-0.19%"
"Nov 08, 2017","1,218.20","1,212.00","1,225.00","1,208.20","1.91M","0.59%"
"Nov 07, 2017","1,211.05","1,225.55","1,233.60","1,203.10","1.66M","-1.11%"
"Nov 06, 2017","1,224.70","1,225.00","1,241.50","1,218.50","1.69M","-0.83%"
"Nov 03, 2017","1,235.00","1,211.00","1,247.15","1,211.00","1.80M","1.99%"
"Nov 02, 2017","1,210.95","1,215.50","1,216.00","1,203.75","1.18M","-0.36%"
"Nov 01, 2017","1,215.30","1,226.10","1,236.65","1,213.30","1.93M","-0.57%"
"Oct 31, 2017","1,222.30","1,237.00","1,238.20","1,210.80","1.82M","-1.18%"
"Oct 30, 2017","1,236.95","1,228.00","1,239.90","1,224.15","1.81M","1.00%"
"Oct 27, 2017","1,224.65","1,232.95","1,242.00","1,220.40","2.04M","0.09%"
"Oct 26, 2017","1,223.50","1,209.95","1,243.50","1,209.15","5.49M","1.60%"
"Oct 25, 2017","1,204.20","1,150.10","1,215.00","1,150.10","6.38M","5.40%"
"Oct 24, 2017","1,142.55","1,139.00","1,145.40","1,126.10","1.28M","0.60%"
"Oct 23, 2017","1,135.75","1,143.00","1,152.00","1,123.20","1.08M","-0.35%"
"Oct 19, 2017","1,139.75","1,143.00","1,147.05","1,137.00","264.89K","-0.14%"
"Oct 18, 2017","1,141.40","1,150.00","1,156.90","1,138.10","1.26M","-0.64%"
"Oct 17, 2017","1,148.75","1,142.00","1,155.00","1,140.00","1.12M","0.35%"
"Oct 16, 2017","1,144.70","1,143.00","1,150.95","1,140.65","1.19M","0.53%"
"Oct 13, 2017","1,138.65","1,143.65","1,150.00","1,136.15","1.76M","-0.44%"
"Oct 12, 2017","1,143.65","1,142.00","1,146.10","1,134.25","1.15M","0.86%"
"Oct 11, 2017","1,133.85","1,147.40","1,151.50","1,127.35","1.64M","-0.77%"
"Oct 10, 2017","1,142.70","1,154.00","1,155.25","1,138.25","2.35M","0.15%"
"Oct 09, 2017","1,140.95","1,142.00","1,158.25","1,138.85","1.74M","-0.07%"
"Oct 06, 2017","1,141.80","1,135.00","1,144.95","1,135.00","1.81M","0.86%"
"Oct 05, 2017","1,132.05","1,142.00","1,145.80","1,128.50","1.30M","-0.55%"
"Oct 04, 2017","1,138.30","1,135.00","1,143.85","1,133.35","1.16M","0.30%"
"Oct 03, 2017","1,134.90","1,155.55","1,157.75","1,128.05","1.41M","-0.63%"
"Sep 29, 2017","1,142.05","1,139.95","1,154.05","1,131.05","3.19M","0.77%"
"Sep 28, 2017","1,133.35","1,140.35","1,143.70","1,128.00","3.47M","-0.34%"
"Sep 27, 2017","1,137.20","1,172.90","1,172.90","1,131.50","2.32M","-2.21%"
"Sep 26, 2017","1,162.90","1,151.00","1,170.00","1,151.00","1.81M","-0.20%"
"Sep 25, 2017","1,165.20","1,187.00","1,187.00","1,145.00","2.72M","-1.65%"
"Sep 22, 2017","1,184.80","1,228.05","1,229.15","1,176.05","2.97M","-3.52%"
"Sep 21, 2017","1,228.05","1,236.90","1,240.00","1,208.75","2.22M","-0.64%"
"Sep 20, 2017","1,235.95","1,228.15","1,250.50","1,228.15","2.35M","0.82%"
"Sep 19, 2017","1,225.90","1,235.00","1,237.80","1,220.50","900.29K","-0.97%"
"Sep 18, 2017","1,237.95","1,218.55","1,246.00","1,218.55","3.01M","2.11%"
"Sep 15, 2017","1,212.40","1,214.00","1,221.65","1,202.05","1.72M","-0.15%"
"Sep 14, 2017","1,214.20","1,223.55","1,234.00","1,211.50","1.44M","-0.75%"
"Sep 13, 2017","1,223.35","1,222.00","1,229.00","1,207.50","2.23M","-0.56%"
"Sep 12, 2017","1,230.25","1,219.50","1,234.00","1,219.50","2.45M","1.02%"
"Sep 11, 2017","1,217.85","1,180.00","1,225.00","1,152.55","4.36M","3.88%"
"Sep 08, 2017","1,172.40","1,137.50","1,182.00","1,134.05","4.95M","3.83%"
"Sep 07, 2017","1,129.10","1,121.10","1,130.95","1,118.25","1.04M","1.03%"
"Sep 06, 2017","1,117.60","1,122.00","1,126.10","1,115.90","891.22K","-0.80%"
"Sep 05, 2017","1,126.65","1,131.15","1,139.00","1,122.30","1.11M","-0.35%"
"Sep 04, 2017","1,130.65","1,127.95","1,138.95","1,122.00","1.01M","-0.75%"
"Sep 01, 2017","1,139.20","1,134.95","1,144.40","1,131.55","976.55K","0.26%"
"Aug 31, 2017","1,136.30","1,144.00","1,145.00","1,130.50","1.93M","-0.29%"
"Aug 30, 2017","1,139.65","1,140.00","1,145.90","1,133.00","895.79K","0.85%"
"Aug 29, 2017","1,130.05","1,135.65","1,138.75","1,123.35","1.05M","-0.78%"
"Aug 28, 2017","1,138.90","1,134.70","1,155.00","1,128.80","1.88M","0.64%"
"Aug 24, 2017","1,131.70","1,130.00","1,135.80","1,126.00","1.32M","0.67%"
"Aug 23, 2017","1,124.15","1,120.00","1,128.85","1,114.40","1.71M","0.58%"
"Aug 22, 2017","1,117.70","1,132.00","1,135.00","1,113.05","1.36M","-0.83%"
"Aug 21, 2017","1,127.10","1,133.45","1,140.00","1,124.60","1.65M","-0.31%"
"Aug 18, 2017","1,130.60","1,124.00","1,137.65","1,123.00","1.23M","-0.30%"
"Aug 17, 2017","1,134.00","1,145.00","1,157.00","1,131.05","1.51M","-0.72%"
"Aug 16, 2017","1,142.25","1,149.00","1,152.40","1,123.25","2.14M","-0.41%"
"Aug 14, 2017","1,146.90","1,143.25","1,153.00","1,119.00","1.87M","1.32%"
"Aug 11, 2017","1,131.95","1,138.00","1,144.05","1,125.20","2.00M","-2.22%"
"Aug 10, 2017","1,157.70","1,151.00","1,166.90","1,140.00","1.71M","0.33%"
"Aug 09, 2017","1,153.90","1,171.00","1,171.00","1,148.00","1.44M","-1.48%"
"Aug 08, 2017","1,171.20","1,180.00","1,186.00","1,164.00","1.53M","-0.74%"
"Aug 07, 2017","1,179.95","1,176.70","1,184.60","1,172.00","1.04M","0.35%"
"Aug 04, 2017","1,175.85","1,174.00","1,181.95","1,169.70","1.08M","0.09%"
"Aug 03, 2017","1,174.75","1,179.90","1,184.65","1,167.65","1.43M","-0.17%"
"Aug 02, 2017","1,176.80","1,191.00","1,191.85","1,172.50","2.15M","-1.11%"
"Aug 01, 2017","1,190.05","1,198.25","1,198.25","1,171.70","2.72M","-0.33%"
"Jul 31, 2017","1,193.95","1,193.70","1,207.50","1,180.10","5.00M","2.80%"
"Jul 28, 2017","1,161.40","1,184.00","1,190.40","1,153.50","3.28M","-1.75%"
"Jul 27, 2017","1,182.05","1,180.80","1,194.90","1,173.00","3.88M","0.15%"
"Jul 26, 2017","1,180.25","1,169.90","1,184.00","1,166.00","1.16M","0.80%"
"Jul 25, 2017","1,170.85","1,178.00","1,179.95","1,165.50","2.18M","-0.61%"
"Jul 24, 2017","1,178.00","1,177.00","1,182.65","1,171.10","1.31M","-0.11%"
"Jul 21, 2017","1,179.25","1,190.00","1,190.00","1,170.20","1.91M","-0.54%"
"Jul 20, 2017","1,185.65","1,182.00","1,194.45","1,176.00","1.85M","0.37%"
"Jul 19, 2017","1,181.30","1,184.00","1,187.00","1,170.10","1.83M","0.29%"
"Jul 18, 2017","1,177.90","1,169.90","1,187.00","1,168.10","2.38M","0.57%"
"Jul 17, 2017","1,171.25","1,178.00","1,182.00","1,162.40","1.65M","0.00%"
"Jul 14, 2017","1,171.20","1,183.00","1,183.00","1,159.55","1.40M","-0.33%"
"Jul 13, 2017","1,175.10","1,165.10","1,182.50","1,160.00","1.64M","1.33%"
"Jul 12, 2017","1,159.70","1,165.33","1,171.13","1,157.13","2.04M","-0.09%"
"Jul 11, 2017","1,160.73","1,159.60","1,166.60","1,153.33","2.12M","0.52%"
"Jul 10, 2017","1,154.77","1,146.73","1,159.33","1,140.07","324.73K","1.63%"
"Jul 07, 2017","1,136.27","1,131.33","1,145.27","1,126.80","1.85M","0.40%"
"Jul 06, 2017","1,131.73","1,132.80","1,137.97","1,126.87","1.42M","0.14%"
"Jul 05, 2017","1,130.20","1,122.67","1,132.67","1,120.07","1.03M","0.71%"
"Jul 04, 2017","1,122.23","1,133.33","1,133.33","1,114.00","1.64M","-0.23%"
"Jul 03, 2017","1,124.83","1,125.33","1,140.33","1,115.60","2.17M","-0.02%"
"Jun 30, 2017","1,125.07","1,132.67","1,132.67","1,107.53","3.25M","-0.94%"
"Jun 29, 2017","1,135.77","1,136.07","1,148.77","1,130.37","2.71M","0.02%"
"Jun 28, 2017","1,135.50","1,132.57","1,138.67","1,120.90","1.58M","0.09%"
"Jun 27, 2017","1,134.47","1,145.03","1,158.63","1,123.93","2.32M","-1.22%"
"Jun 23, 2017","1,148.47","1,160.00","1,162.17","1,146.00","1.72M","-0.79%"
"Jun 22, 2017","1,157.60","1,173.33","1,177.07","1,154.87","1.76M","-1.01%"
"Jun 21, 2017","1,169.47","1,172.33","1,188.00","1,167.33","3.56M","0.21%"
"Jun 20, 2017","1,167.00","1,172.47","1,179.30","1,160.13","1.57M","-0.30%"
"Jun 19, 2017","1,170.53","1,157.33","1,173.33","1,154.80","1.78M","1.69%"
"Jun 16, 2017","1,151.13","1,156.57","1,167.33","1,147.13","2.24M","-0.50%"
"Jun 15, 2017","1,156.90","1,171.43","1,174.60","1,153.33","1.48M","-1.65%"
"Jun 14, 2017","1,176.30","1,161.33","1,180.90","1,156.53","2.08M","1.46%"
"Jun 13, 2017","1,159.33","1,163.03","1,169.80","1,157.70","1.41M","0.14%"
"Jun 12, 2017","1,157.73","1,185.20","1,185.33","1,139.27","4.07M","-2.34%"
"Jun 09, 2017","1,185.47","1,184.67","1,189.27","1,174.40","1.63M","0.22%"
"Jun 08, 2017","1,182.83","1,192.67","1,199.33","1,181.00","1.43M","-0.80%"
"Jun 07, 2017","1,192.40","1,182.67","1,196.33","1,182.00","1.33M","0.76%"
"Jun 06, 2017","1,183.43","1,205.13","1,205.37","1,181.43","1.43M","-1.65%"
"Jun 05, 2017","1,203.27","1,196.67","1,206.27","1,189.00","1.91M","1.17%"
"Jun 02, 2017","1,189.33","1,200.00","1,203.33","1,185.40","1.43M","-0.49%"
"Jun 01, 2017","1,195.20","1,173.33","1,198.67","1,165.33","2.90M","1.82%"
"May 31, 2017","1,173.80","1,181.67","1,190.00","1,167.13","3.00M","-0.39%"
"May 30, 2017","1,178.37","1,210.67","1,222.63","1,169.33","6.55M","-0.83%"
"May 29, 2017","1,188.27","1,189.27","1,206.63","1,177.33","3.03M","-0.29%"
"May 26, 2017","1,191.73","1,180.00","1,199.33","1,169.23","3.07M","1.06%"
"May 25, 2017","1,179.23","1,128.00","1,183.33","1,128.00","5.40M","5.01%"
"May 24, 2017","1,122.97","1,161.40","1,171.27","1,118.40","2.17M","-3.23%"
"May 23, 2017","1,160.50","1,170.00","1,176.60","1,151.60","1.46M","-0.64%"
"May 22, 2017","1,167.97","1,155.33","1,172.67","1,152.67","2.84M","1.59%"
"May 19, 2017","1,149.70","1,152.67","1,156.00","1,131.70","2.27M","0.11%"
"May 18, 2017","1,148.40","1,159.77","1,166.73","1,144.27","2.16M","-1.87%"
"May 17, 2017","1,170.30","1,162.60","1,176.00","1,153.67","2.50M","0.85%"
"May 16, 2017","1,160.47","1,164.67","1,165.50","1,151.70","1.65M","-0.10%"
"May 15, 2017","1,161.60","1,165.73","1,167.70","1,157.67","1.20M","0.10%"
"May 12, 2017","1,160.40","1,158.30","1,171.33","1,151.07","1.80M","0.22%"
"May 11, 2017","1,157.90","1,166.67","1,169.67","1,146.40","1.27M","-0.14%"
"May 10, 2017","1,159.50","1,169.80","1,176.67","1,154.07","2.01M","-0.31%"
"May 09, 2017","1,163.10","1,141.33","1,171.30","1,136.67","1.84M","2.05%"
"May 08, 2017","1,139.73","1,152.00","1,159.20","1,136.73","1.25M","-0.86%"
"May 05, 2017","1,149.60","1,153.33","1,154.07","1,135.47","1.56M","-0.42%"
"May 04, 2017","1,154.43","1,149.33","1,161.30","1,148.00","1.26M","0.67%"
"May 03, 2017","1,146.80","1,157.33","1,163.50","1,144.00","1.30M","-0.68%"
"May 02, 2017","1,154.70","1,166.73","1,178.00","1,150.00","1.86M","-1.01%"
"Apr 28, 2017","1,166.53","1,175.37","1,177.17","1,160.13","1.64M","-0.96%"
"Apr 27, 2017","1,177.83","1,165.23","1,182.67","1,162.67","2.13M","0.88%"
"Apr 26, 2017","1,167.53","1,164.00","1,176.00","1,160.00","2.89M","0.30%"
"Apr 25, 2017","1,164.07","1,160.00","1,166.67","1,157.33","2.88M","0.77%"
"Apr 24, 2017","1,155.13","1,128.67","1,157.60","1,127.33","3.24M","2.68%"
"Apr 21, 2017","1,125.00","1,130.00","1,134.47","1,120.00","2.42M","0.37%"
"Apr 20, 2017","1,120.80","1,115.93","1,124.40","1,108.80","1.04M","0.64%"
"Apr 19, 2017","1,113.70","1,113.33","1,116.67","1,107.90","1.16M","0.06%"
"Apr 18, 2017","1,113.00","1,122.67","1,132.63","1,108.80","1.84M","-0.70%"
"Apr 17, 2017","1,120.90","1,120.00","1,126.40","1,113.93","1.14M","0.17%"
"Apr 13, 2017","1,119.03","1,129.67","1,129.67","1,114.97","1.98M","-1.42%"
"Apr 12, 2017","1,135.20","1,130.00","1,141.00","1,117.53","2.14M","-0.12%"
"Apr 11, 2017","1,136.60","1,116.03","1,139.33","1,114.00","1.97M","1.84%"
"Apr 10, 2017","1,116.03","1,125.33","1,139.40","1,108.67","2.41M","-0.68%"
"Apr 07, 2017","1,123.67","1,116.67","1,146.63","1,114.07","4.10M","0.14%"
"Apr 06, 2017","1,122.13","1,123.33","1,134.90","1,112.67","2.74M","-0.78%"
"Apr 05, 2017","1,130.97","1,107.33","1,133.30","1,098.57","5.18M","2.13%"
"Apr 03, 2017","1,107.33","1,054.60","1,110.67","1,051.07","6.58M","5.47%"
"Mar 31, 2017","1,049.93","1,034.73","1,062.43","1,034.73","3.54M","1.12%"
"Mar 30, 2017","1,038.30","1,042.00","1,046.67","1,034.83","2.29M","0.06%"
"Mar 29, 2017","1,037.70","1,036.00","1,045.07","1,033.33","2.28M","0.80%"
"Mar 28, 2017","1,029.50","1,032.00","1,038.53","1,027.40","2.63M","0.02%"
"Mar 27, 2017","1,029.27","1,033.27","1,036.67","1,025.33","1.58M","-0.47%"