Date,log return0,log return1,log return2,log return3,log return4,log return5,log return6,log return7,log return8,log return9,log return10,log return11,log return12,log return13,log return14,log return15,log return16,log return17,log return18,log return19,log return20,log return21,log return22,log return23,log return24,log return25,log return26,log return27,log return28,log return29
2020-07-06,0.0007619047987620308,0.007754481506896829,0.012870488985276988,-0.012110963708449714,0.05872256221890582,0.012377672208744785,0.02404203586582838,-0.008376198534750455,-0.0065965371917621075,0.004426418145765856,-0.0007773027985619028,0.02669030020323022,-0.00879091412136621,-0.0055820964728852274,0.002351802979255744,0.0017030199963275318,-0.03805540828459463,0.014557054561931265,0.010361264020891483,0.00733338378400595,0.03177187702135691,0.002249719734015546,0.0015579084693299885,0.031487885446333776,-0.007538319042411769,0.03511639225617231,0.03190063166677546,0.017974997711151346,0.028481484206342018,-0.009610086251824643
2020-07-07,0.010606160029411078,0.02136363308871783,0.0302967518932001,-0.017391742711869107,0.07530546639976582,-0.026882990239780188,0.014788915143425865,-0.01652496619925028,0.0030680903585590304,-0.022330663666534283,0.022806882197172484,0.0019473320919487804,0.009612770236768304,-0.003452474031196878,0.038492351960275256,0.038704571114643586,-0.028170876966696335,-0.015080889042217655,0.000255833928628773,-0.008021997843052082,0.01670436846488675,-0.02791408810992157,0.0031790913387370993,-0.008119124438504353,-0.01775693082161589,-0.015427827938234755,0.01866306113192677,0.002920485283011605,0.002956036654299064,0.010054827197558644
2020-07-08,-0.029054031393019937,-0.03467713420417908,-0.007178942777895108,0.0018597801697060614,-0.043878990123084625,-0.004485495647192252,0.0017790578404383512,-0.010368297056897994,-0.0033832991870161246,0.0,-0.02939497814772056,0.0046942085748172616,-0.00037107718831240233,0.014700048127248766,-0.019060979768036498,-0.02479650264330716,0.010498112034658641,0.02330504230984078,-0.011392993501182865,-0.0024935684194166198,-0.029722303783207865,-0.019542695743358044,0.011152531950475107,0.012154099650683248,0.01639423504464838,-0.014055375044146381,0.08559794919248265,0.01734603281429719,-0.022724200069285525,-0.008035757526783191
2020-07-09,-0.004665638323550931,0.018217045572025456,0.021384042363350685,0.010306223460648604,0.03730902807463255,-0.003709104795433586,-0.0030984179382444357,0.013009608682299872,0.007303028257085211,-0.018614022713269875,0.022955914978226608,0.013063309286124071,0.029156431932640087,-0.004676869525727717,0.003787370954922639,0.008995177588427883,-0.004339509043451699,0.010692566231578769,0.011319904771432491,0.0039232369269432636,-0.00698116434411346,0.010548002865653177,0.008854070793299659,-0.0040349752121789945,0.0025439094828586316,0.014494007614163865,0.03747836271794292,0.03683280805649627,-0.006578896729438473,-0.006746146565358105
2020-07-10,-0.02846041893560001,-0.008039215992969678,-0.0316811630495942,0.004396981134980456,-0.004771123489667067,-0.0010622760260638453,0.014337599073873098,0.01058303488324243,-0.00023475096942575252,0.006116227017436054,-0.01025211884302153,-0.017802761611656018,-0.029182942715902743,0.02179805149289026,-0.027372723088848205,0.00019187106323459197,-0.005643934940731614,-0.02124200151837306,-0.013836467292711936,-0.013638270099575998,-0.007810710389602572,0.006102009344868816,0.0016924276555024896,-0.056841356132790496,0.002268635498541074,0.02906506083622202,0.005434795985956775,-0.017735453469433664,0.008132513703914499,0.0022537760272530465
2020-07-13,-0.03426109975528105,0.0012613116378202402,0.0010231342903544265,0.0018292582801177166,-0.02429590779914445,0.009520103635252866,0.018648899922433366,0.02083588075513061,-0.0008612253419377212,-0.005349649747240487,0.03435371793175056,-0.022743332782693863,-0.02168084816161069,0.018467683833021047,-0.018909450606961732,0.019254505790136305,0.016331059559167645,0.026041808636487068,-0.010279802991014868,-0.004300388286238307,0.005559058227403735,-0.020486522744793005,-0.012152083435956184,-0.014368063266920146,-0.001511851665291475,0.02987332198193069,-0.03166128190646485,-0.014937182180396316,-0.0010579986805218438,0.024461971351794128
2020-07-14,-0.03892200258500363,-0.01016493483049789,-0.05212488531669113,-0.0001724286580700662,-0.013586594599452995,-0.01645254041089766,-0.016343855950304954,0.004336188403751914,-0.009522757201792405,-0.01739174271186922,-0.01884556799907493,-0.02000908230245175,-0.029668260698647073,-0.013555763134208025,-0.02302898022608506,-0.017465482247354457,-0.008387391906904736,-0.022169337035857037,-0.028287475644342704,-0.01656701208419716,-0.036924079620859106,-0.03459511785745547,-0.029170433191072778,-0.029370686795988102,0.021211801682720584,-0.009345862418237658,-0.044324625071457076,-0.03511912062768905,-0.02188181433529619,-0.011489300047755696
2020-07-15,-0.006926434617869173,-0.009970172319849915,0.021200533479464188,0.014568308941802487,-0.01315434885381262,-0.011165784937367028,-0.0032178079652172282,-0.04467545464805333,0.00928774877957582,-0.0019512201312618048,0.039539359494308375,-0.005397740378223187,-0.0009493229806907053,0.01791661930946801,0.0007232227117868143,0.05911769474123116,0.01419182460727602,0.0043707486985998445,-0.006413498010489906,-0.0007670812934349498,0.005106702937958241,0.0012236159373138834,0.0,-0.01652930195121047,0.013292629261685356,-0.03882433892910539,-0.026668247082161523,-0.012167244871044786,0.028123555338849103,0.1551026075526404
2020-07-16,0.005199318471794114,0.012809067058274979,0.01708052911781118,8.497115234496453e-05,0.01748535667914152,0.06367573020933091,0.034709211285485146,-0.0015093002376836229,0.0553199618036674,-0.014558588832550368,0.020194579846260073,0.008886006383502024,-0.0011739386987020671,0.005566527632585147,-0.0033311639175294255,0.09197327268642609,-0.024711485440832993,0.03156429188228199,0.0249950814950936,0.009763625165917758,0.01268360235556472,-0.008288612303080466,-0.012485912167487461,0.007547205635382904,0.028260679571341728,-0.00032543255697518197,0.035401927050916,0.013241647338082137,0.00038042809808385423,-0.003240258243394423
2020-07-17,0.02559866741599156,0.01448238498563131,-0.00207588587982386,0.017752643138907058,0.0296666443632064,0.1192769405216334,-0.01826026717991288,0.007082809600796646,0.02141472271535167,0.034667541755263744,-0.007354737765308557,0.03322841566031903,0.010045581395392952,0.02020664113411509,0.026202372394024117,-0.008654244681391804,0.0010311936979772447,0.027459435508003404,0.0036225087725192994,0.004765265962176086,0.007486353145734126,0.0067588582951069445,0.0036351779461617213,0.010471299867295437,-0.008076553109966751,0.03638120597540864,0.02575249610241455,0.010415369891610265,-0.015331153626946455,-0.0021022463547352085
2020-07-20,0.04045124340796795,0.019427041294843364,0.00207588587982393,0.0025176960552751033,0.0415910925636587,-0.01475455207961862,0.05090153998678173,0.01575524931315616,-0.021637134400295605,0.01820991137942317,0.04002893360083187,0.03101301650574525,0.00011074503735127114,-0.0015432432598778988,0.025671052539165788,0.03390893322034338,-0.006981282394594737,0.00024180873047344864,-0.006348028118801292,-0.006449362516667586,-0.00882333712651234,0.0012239903608886815,0.020400808090506338,0.027881483244520146,-0.006491433550237879,0.004280202797137429,0.004228336109521105,0.01345844301328721,0.00324362617528151,0.03552003587918905
2020-07-21,-0.022086787402843283,-0.0157374826158426,0.027722747898027277,0.0005826681370470823,-0.04427545436514515,0.059696035421461624,-0.026009185771202443,-0.013992357715126748,-0.018030638471932963,0.000751597179312122,0.005765033838539605,0.004842411293739909,0.04206924384458783,-0.005571164884555004,0.04260552704707242,0.0026188518748868363,-0.0023379670345672608,0.015117264495928182,0.02983735464661425,0.019864459600593475,0.04390475390882454,0.06022878885277506,0.10266195835270452,0.005772021797122412,-0.014411404218406457,0.026546934063926133,0.0084034107963796,0.018954221861772307,0.007737549741666363,0.002028959471293907
2020-07-22,-0.020895035170841656,-0.016667052485211647,0.0708289258304686,-0.00631085454273249,-0.012054320999922282,-0.02973546584219255,-0.019609109273211422,0.0024628387855578273,-0.0009063444729198195,0.007485064886566927,-0.0033781222144283057,-0.010773206760671217,-0.0013812523778092974,-0.03044141768893492,0.006053446567891371,-0.0203279854487515,0.022120243482116123,-0.014150613864833106,-0.012327325854166835,-0.018451799762298608,-0.02100742725207147,0.03396873436944479,-0.04471576278823477,-0.014493007302566864,0.006930103151011604,0.016325147808719055,-0.019718948788955505,-0.012422519998557209,-0.01544414755274097,-0.019913191727714892
2020-07-23,0.0,0.018723802098594786,-0.038523597389227345,0.015521707549587137,0.01367793199351656,0.015306140363243015,0.005908843091190676,-0.0034320445533077477,0.014627272009170427,-0.004858914437099695,0.004144288356718747,0.003589236156315169,-0.0027948964784365775,-0.016660138469314845,0.028837583733327284,-0.010899141219239303,0.020894403934423014,0.011288699199783135,0.023340773925106355,-0.004734831561947607,0.010365191168594861,0.011621602854100932,0.0056541745509144856,0.0014587894636598666,0.01670042232189381,0.026492267736954535,0.0,0.03203348848717574,-0.009055229624617925,0.002253098962909259
2020-07-24,-0.005929708183674283,-0.009157440042095222,-0.03365092182659896,-0.015488211761679381,-0.01403151432423311,-0.02020047716338238,-0.0023933938093144576,-0.013757816964187562,-0.008074810229712664,-0.013959856959316222,0.04067187220092038,-0.010046761546336415,-0.018563391201663667,-0.0009274654844646395,-0.027002480321494673,0.01627739674749434,-0.005495891924928811,-0.020997513326744172,-0.017657990789608113,-0.013344880761558965,-0.010815037478694074,0.0013745706631665632,-0.004480563887244289,-0.022108490754203392,-0.015629988940281385,0.04203808828990909,-0.023022599588315436,-0.03229393906815073,-0.006376217139275885,0.01470751634413592
2020-07-27,-0.02581899013090605,0.03788201508712404,-0.032038309947407646,0.011655143591748731,-0.025129767033383887,0.020528256461591537,-0.010821875539431945,8.936949824956661e-05,-0.019940764604884,-0.012617257803717573,0.03063126415795396,-0.03602681986911937,0.005119118450033297,0.005506920118980548,-0.06296825125197224,0.027362365419431628,-0.01616196795699799,0.00946723905633324,-0.020505096191913208,-0.0006636434266354632,0.007074091273941695,-0.006062294675545879,-0.025524057340491745,-0.03796963318907989,-0.012435739628724393,0.0046718738733984196,-0.010241494052197018,-0.02532448709636868,0.022639709456947068,-0.006303320833057107
2020-07-28,-0.012280856101364397,-0.010458572349973586,0.012664226360830389,0.032202266186995246,0.021355567265583804,0.008268106283310376,-0.0006885502317823519,0.00907398806740899,0.014747511673207698,0.003840250495238217,0.016059204028875947,0.006601598196849318,0.02486721343845274,0.009430967852459452,-0.018013433878668134,0.015068563253165006,-0.005104656311683173,0.03769558545372336,0.04541448745211261,0.010675278840882143,0.038865520623103306,0.005512693122827095,0.01009055781686468,-0.006211200092640524,0.008838480504632446,0.009921860853887018,0.04457963163308834,0.01221470311417172,0.04559579115257871,0.024252520663038298
2020-07-29,0.0008822232596911657,-0.01114360923031361,0.008770487337394951,-0.00644836724228179,0.013688449974782675,-0.016825481597165515,0.005271200997026618,0.0028298568584102044,0.027757856111658354,0.005732864927251134,-0.025661570895657477,-0.020500427413054443,-0.010623601431343948,-0.005029235987965059,-0.0029865626977489674,-0.009076744632973964,0.006630985786330984,0.012255905518224378,0.0038940016754718267,0.009207616333112317,-0.015664483213249047,-0.0008249691104478912,-0.03153025044618554,0.020046931945290693,0.060076360860992335,-0.03792844108971868,-0.002816903271113269,0.009194863152691087,-0.014697809180380309,0.005611382268612942
2020-07-30,-0.02139118998131756,0.0018372331850800541,-0.03473092077680197,-0.016379010489001918,-0.020285045536559167,-0.07954701741471545,0.0029602752963303605,-0.024132013838581975,0.0068753927947200495,-0.020016064706469616,0.0015109547069989246,-0.013190121498977055,-0.036148677515070664,-0.016129017564723572,-0.017529184471140255,0.00762166980367339,-0.01717770734170732,-0.01481851612270311,-0.0032078457467073517,-0.01497132104986242,0.012891175304179698,-0.027330200762139177,-0.03823352891411672,-0.031010236742560322,0.048632978631506334,0.0058019423248401964,-0.03443668826990227,-0.024620700950133908,0.0015146362830219919,0.02530878267280389
2020-07-31,-0.025548834899952952,-0.016103966276101205,0.013527903094441776,-0.014536340138736458,0.010201646532051802,-0.01272678961958315,0.004626755571671446,0.0038824481073553084,0.04865478487288497,0.0050417015850194695,0.013922332470576053,-0.017135459707247117,-0.01597762653952601,0.006491907943525164,0.0053487659142690495,0.0047212726159217,0.00412903812437028,0.027153071772302896,-0.013996411345611824,0.005708968681267567,-0.00042304730379539164,0.008165609217605117,0.0726524323689364,0.006279455484843101,0.0009847693503560828,-0.01999611638883575,-0.007326040092072898,0.025927378256136523,0.0008331689403014195,-0.011149571301935172
2020-08-03,0.02374540790080215,-0.0058462604398040185,-0.033689876384785905,-0.029550981842499317,-0.023904776734605507,0.009620083811022837,-0.012474174225175801,-0.013609355396006356,-0.013631331967098783,-0.006598122132677682,0.001062962931818848,-0.030275557887622574,-0.023938106202279354,-0.002446539821267031,-0.010289200258306411,-0.009464941427300835,-0.008015556813651207,0.0013611617346598358,-0.04278407434289668,0.0026785486263630745,-0.015698808483447794,0.0014011491713627833,-0.008622652814166914,0.029300476947782383,0.001414599340718984,-0.02850957299025587,0.01024149405219692,0.00416993046244992,-0.01201632784984584,0.0021333341424203877
2020-08-04,0.05444716048457281,0.004942325344939249,0.027881309867483158,0.01783517058492804,0.01906424253329298,-0.022388543291748983,0.010903739939165146,0.0030099899589642394,0.00484466455726901,0.0027221482879846303,-0.01901959235164618,0.03880799172958089,0.02346098687129909,-0.0030438657851685658,0.022327178817785308,-0.0073948153941590065,0.005436906596736044,0.033659702739393546,0.011700038500479001,0.009075409407799483,0.03094269209240986,-0.0016816147460522511,0.003655811509672382,-0.012232568435634408,0.023444968942453962,0.06810978714149156,0.0072516633953202065,-0.0033867428489931725,-0.001976087768498343,-0.0017774622525435406
2020-08-05,-0.0025673955052458097,0.0013701627389530828,0.013424573789320776,0.013062679991845414,0.008172105038786856,0.004639812963558623,0.008438208280913989,0.017961582206804088,0.01156001731194646,-0.002332815987953049,-0.0061547567665037155,-0.013628666387461616,-0.0024734399028789804,-0.001479845910781098,0.0034129725962399426,-0.00543666061596951,-0.004399023784315883,0.030439479100714668,0.007712168842005635,0.0016216219769808497,0.02596923635978762,-0.01298719552681119,-0.02294034610084171,0.00307219903697028,-0.007341032123094862,-0.011292950353652138,0.060284543595167064,-0.0007831876134566463,0.004346675875881034,-0.010192309958741588
2020-08-06,-0.0034334797678916306,0.006533408840433229,-0.004493353951059931,-0.0057325846896845965,0.02513999532478632,-0.0021951228326640908,0.001998028585191012,-0.006551515468773446,0.012317375752094555,0.003109213542481437,0.023685884442445505,0.012716235656884513,0.003960178749185864,0.011732863925568092,0.018426571011725196,0.02730455966537402,0.013139439324634305,0.018329808459912982,0.0044123767507674395,-0.0038963196649071854,0.004510021403944817,-0.00028421202408163035,0.02147279408918812,-0.007698267425752344,-0.0038980885596710943,0.0035910895171514575,0.02153515255129796,-0.002615064251778295,0.021281125394370045,0.00519854177825443
2020-08-07,0.017050711459722458,0.04454865307771621,0.0006926007433739223,0.0033035818816256517,0.03498410950578316,0.02460029999603915,0.01980186486890109,0.009855827472818738,-0.0033567423195646957,0.006960584947623973,-0.02092966307040011,0.00302223731515481,-0.003397495862406397,-0.004468524700228994,-0.0022324552316368303,-0.020763071895064288,0.00357690723726118,0.0029184927949132172,0.0017893093568371644,-0.007073704541857276,0.018625748596928858,0.00028421202408162937,0.00017075627997713023,0.013814494443188295,-0.00208593923754782,0.0057703025394011615,0.003986716243821383,-0.00157232736795241,-0.005539337932209364,-0.008078313386865816
2020-08-10,0.005059032712395206,-0.01332015458587597,-0.005090246992774752,-0.0026353113408508987,-0.006181929999073553,-0.011019395249610651,0.002031076152681041,-0.003483234888759665,0.08790304000011155,-0.0038610086574595425,0.002531921633280996,0.006493219280711185,0.011882767417199978,-0.0017205084270395226,0.015523527253871778,0.00047312394101122537,0.014181042915358889,0.020602294416173266,0.013098200358518622,0.04735117085196798,-0.01055105025178655,0.007361301644642675,0.006636853658821122,0.001523229540521638,0.025345685588490253,-0.012469983213482506,0.010554187678690171,0.01638741315309318,-0.005482577650942037,0.0
2020-08-11,-0.006751080493419632,0.004031473306455192,0.03845315066189609,0.00454906012559296,0.004188199474606277,0.03339959906954534,-0.016171963281536635,-0.013964819942430859,-0.022370022801425565,0.0065548721299209375,-0.011992730137509997,0.015113875757956837,0.015335270325487494,0.0017657450143989482,0.010398232970220562,-0.0030529553136777773,0.02090148247860725,0.03427532629394088,0.0032295976397848218,0.0019251287196444585,0.006079321187454937,-0.002259249760747341,-0.0001356990197828479,0.0,-0.020459860003451753,0.006559096311517105,0.02077996849174522,0.00642923649599966,-0.0012711773250519568,0.00807831338686586
2020-08-12,0.007591769908212883,0.004293527282659403,0.0068958119993651965,0.005157172172729741,-0.011388137299495386,-0.01750823173291072,-0.018155597339777223,-0.00618858909951399,-0.020648743506319747,-0.010819270916378684,0.047549823683328316,-0.0027694997400174474,-0.006893832490483384,-0.007058986356647324,-0.0013620269062832246,0.006829909916431634,0.005647651598258219,0.01194804145980902,-0.021855149985273947,-0.012711703090834917,0.012123172506996786,0.006762494072297171,-0.007765442108190551,0.028509057558353524,-0.01706198367342612,-0.002909843889198458,-0.00386349482504459,0.04142678468163536,-0.009940023436663949,-0.012413580292405196
2020-08-13,0.01996738551386865,0.002944610161437577,-0.006672622622252865,-0.0016719228519906113,0.0004094824491619603,-0.001542203283301627,-0.00039380415315971493,-0.022806953185396685,-0.0024304541145977756,0.0019406177252727583,0.0104044775724476,-0.0043811164176119225,-0.005167113360140791,0.0016159320728266055,0.0032657533447117302,-0.003934637712591459,-0.013558694093208888,0.006984894521950969,0.0008609879432058676,0.042212971911249605,0.00020056529767594063,0.0039237718503302285,0.0034133220838212753,-0.016406035387109868,-0.0035253462079694333,-0.0026119812951094067,0.0,-0.006910195315509156,-0.001285518152120228,0.002892265212146717
2020-08-14,-0.03520900148248572,0.0,-0.027718274334512318,-0.010124139426079608,-0.026235626880584735,-0.01893632806023904,-0.0018134992354521492,-0.012688736434090209,0.015078122546044188,0.022240180471941963,-0.02162321815102581,-0.023502395350255008,-0.007312596014850691,-0.01132074616778711,-0.018233420346586954,0.0025199509345131947,-0.025387815716990624,0.02576724293614679,-0.02178850804916157,-0.008006123331960553,-0.02154011440216832,-0.01891910163603439,-0.024316154342554623,-0.03053672386008165,0.0038019698522029203,-0.0038953269978060693,0.002577321014300541,-0.027110094009475904,-0.005470813805111959,-0.0018066852249490357
2020-08-17,0.011874609420712683,0.018768154109071004,0.00526317004427447,0.04196809654440573,0.015992240648089472,-0.013030690377620875,0.01754934217531422,-0.013714500670787583,-0.00019436975667783647,0.03098997293675636,0.013656152558650502,-0.0016447372128783784,0.004927283961367746,0.010137502577395416,-0.0033259454162724196,0.004081424743715651,0.011894357614075694,0.015889669764247886,0.015256462900127735,0.01814931850567727,0.026984552130662778,0.018359504531336182,0.009970380139846375,0.00618239990831756,-5.5318607534138e-05,-0.010677485126975278,0.00513479947203844,-0.017454241874847214,0.005004959786460491,0.01951892929080149
2020-08-18,0.01006719911772394,0.020158061033144523,0.017309103449908828,-0.0034724489910968174,0.010316490457220875,-0.013823967367770156,0.011730904992552388,0.009353890860331957,-0.008851343177565982,0.004768026638025104,-0.006139696953622415,0.022736410779237375,0.011128868742699145,0.008298614648132537,0.025626616489040032,0.010441382100355263,-0.0010067959571807437,0.02761949682766158,0.031001036488978246,0.0037399998714674264,0.018256189057295723,-0.0050505157860685915,-0.008295922203083641,0.012251301780520365,0.0002765624412647063,0.01292210194473784,0.042612963401176825,0.010304058194596712,0.007229506521800953,0.0026565144463536207
2020-08-19,0.027173347509058744,0.0061705605652431226,-0.003595509491441474,-0.014599746721417924,-0.0029136824496137892,0.003473948903152481,-0.00998763068274287,0.017982878799272996,-0.008534715671868514,-0.011407667407923906,-0.006459335805396133,0.009514461110390351,0.003974077832502281,-0.009414876880611439,0.013172233464480163,-0.008563251331254412,-0.0005037783481861845,0.0050387006010108575,-0.01009201394630314,0.0045191644463142885,0.014002562510053706,-0.002252887463719445,0.0012540060163574675,0.0402738991379399,-0.0069148355639884,0.006117522196054479,0.008552281815317158,0.009945256011947195,-0.005810437547520934,-0.010489917507510018
2020-08-20,0.022490907859893845,-0.005743780083971884,-0.02104382950677726,-0.0074958320384666596,-0.0047473908747390926,0.021442958447845585,-0.0018854528733993272,-0.019408937889642833,0.005719748672786909,0.024855080661240137,0.0003521250784648862,-0.007150952565095268,-0.023692675045862907,-0.0036078864519083114,-0.018054923213829174,-0.004335455614241123,-0.013443449132664285,0.014611806654475186,-0.012806648797561108,-0.013317901408729472,-0.00223415774993179,0.021476212389248104,-0.007898548735026115,0.02597548640326052,-0.0029558594901913475,-0.01631781938532255,0.016888218028521577,-0.011740818890155134,-0.0016631743846462312,-0.020038580063820678
2020-08-21,-0.0023856870162033196,0.04336821944155049,0.01256584960225486,0.005320122234438918,-0.001326827161674295,-0.005713953908727023,0.0037802350570377893,-0.010135867995619543,-0.002559980393112449,0.007194275634027231,-0.005932220786621527,0.024853819338374463,0.01053169212817683,0.007452601299028122,0.00920293408200895,-0.006670367966199854,0.0050942545217430935,-0.002656985001232966,0.0007842405406147568,-0.0016081213576634903,-0.00024376779087853978,0.0426745820555328,-0.0009829390667133865,0.015548016388484836,0.0030672304670299423,-0.007274673733783142,0.01543057322664591,0.018568510099914767,-0.001888281004040166,-0.003104741787205618
2020-08-24,-0.010404255517432898,0.002117266711890071,0.012073489395963831,-0.004530167780311899,0.02986554592208697,-0.000853814774074605,0.006571624579481676,0.012701311941496244,-0.011900966908441963,0.002148228538289605,-0.00028336639464187095,0.028512395884983215,0.014199858838120924,-0.0034800840317762184,0.024485587879754415,-0.0014766377538096007,-0.0005082592231397558,0.013564904554853263,0.03510161773006077,-0.0028204501195186285,0.015581404483660938,-0.020569711488215493,-0.004823358586308963,-0.009866182921053944,-0.003838305148611775,0.006654563048008401,-0.015430573226645804,0.015256016786583861,-0.00022238530569560259,-0.002380735489465553
2020-08-25,-0.002416432911628568,0.019406324748734424,0.013369183082134417,-0.009902953424161202,0.042291111428744546,0.007658215268105347,-0.0029467555787322307,0.0033158099632953674,-0.005335124358581038,0.004638723750542536,-0.005826776948811272,0.002369510441387067,-0.00013663255428491896,-0.006996713120517725,0.015651812936282754,-0.009864837357746056,-0.006630985786330935,-0.002979061171057506,0.009220292417868986,-0.011106998930614037,0.003868258719083276,-0.002702704347885139,-0.00010588173020640782,-0.002836881335199504,-0.010078453894394105,-0.0065344847568182055,-0.016888218028521626,0.0317564545515644,-0.0024272126819171094,-0.010135533187246821
2020-08-26,0.05262305502513933,-0.014703185319741631,0.02524310399879749,0.023902904376499483,0.0007271779642514569,-0.006804400494030886,-0.01749957290620649,-0.027131031904431238,0.0003342804644198897,0.010623329368727435,0.015837435098626087,-0.0011169940620300062,-0.007461083547332681,0.001696508809201272,0.007734987643402151,0.013447182354133475,-0.002305624180076122,0.004552625618487875,0.0258051543927938,-0.011747640681698998,-0.014350110967096302,0.00324236976843016,0.011510514508649743,0.0056657375356773,0.0015909825132091684,0.026166350420616533,0.008479760079114993,0.009095323590679324,0.004826360802656452,0.007749116267638483
2020-08-27,-0.015420506028095242,0.005614724277664376,0.02071838311775281,-0.012799756804305982,-0.003586129247696427,0.006925487858712335,-0.0033089876318497945,-0.006532466071081249,0.010902913482355258,-0.00991158556643915,-0.0037246608294624196,-0.0056936783793251336,0.026142082713961144,-0.00530541775676227,0.0072932317392507325,-0.00395184538328832,-0.0035971261808494803,0.010773344859738862,-0.011691945421367,0.0068396553695067985,0.012667953749783073,-0.0008096073846622942,0.059992263962954026,-0.0028288562004777137,0.0005072280098604675,-0.012571082944775238,-0.018259789132754636,0.02726373331425238,-0.002265711002783016,0.0011021308977491498
2020-08-28,0.0069686693160934355,-0.012384059199721666,0.0736397755327982,-0.009526004198405972,0.010488505500420239,0.005072474644318651,-0.005978639309073382,0.02377842556234096,-0.010101095986503933,-0.010729716672567079,-0.005223787115320135,0.0021557540011273454,0.010220644830604184,-0.008928630744301431,0.04365327079057949,-0.012538016874494977,0.006670111953766393,-0.030177728614252698,0.03263079155029179,0.006385880854474131,0.0008590279430666623,-0.01578264052746155,-0.00685837560382602,0.048385387802844744,-0.014231965388560149,0.002626132697540505,0.006123717850529204,0.041776790122864234,-0.004390517310380241,-0.0011021308977491838
2020-08-31,-0.05634175393339261,-0.030594525589082076,-0.02475398525132516,-0.015766525407743315,-0.05113845700949817,-0.017622136760689806,-0.018032643315925363,-0.019970756817444885,-0.04795228392392856,-0.03438524561847371,-0.017204264865676534,0.001210572479536442,-0.02726328417469133,-0.016209101046607735,-0.03755259096431028,-0.007135797642434148,-0.02301924995529586,-0.03960553959418123,-0.045851605452768625,-0.038306531155192725,-0.03789166050115064,-0.018547244472582658,-0.10006604487226385,-0.05549273826149675,-0.02537466851509537,-0.016894024393994376,-0.06169356900534002,-0.05884723854470397,0.008318923370048853,-0.002760653267048233
2020-09-01,0.0008159935173293592,0.04136315710649008,-0.022495732080227135,-0.002902759657961351,0.04376965004071516,-0.0013496106582003352,0.011991526970542487,0.0626059884618808,0.031724610714547095,-0.006721459210967172,-0.006936443996656987,0.01020894674502551,0.010098353908299398,0.02070651218807494,-0.009292919017992032,-0.01568340381130745,-0.0047207011349374535,0.06110416495180973,0.020692828741177904,0.010788726597291083,0.009559495449654086,0.00807017041648857,-0.008372551846772396,-0.010035926527785455,0.02025218202393761,0.003143034533573777,0.04071809301878498,0.028367398535570833,-0.0048405814385637305,0.0011051760196549595
2020-09-02,0.03447235121823104,-0.018021261301683186,-0.0026801376727619538,-0.026667333513520027,0.006782931988641599,0.016317946102660238,0.007450299976554926,0.007841032149800142,0.0023053983630847725,0.021131462851954035,0.017750457068476836,0.006058078621903064,-0.013049336977721098,-0.009295258988617409,0.0037020531206850556,0.010717399867170263,0.0060280617604213,0.021387500291601934,-0.00501025871591526,0.000366348296652421,0.002184228143742716,0.004424785980355636,-0.0009592326874603443,0.002877699827614974,0.00018380874751619148,0.019429141933521264,0.0367238329546941,-0.008518527395594607,0.008334305140883099,0.007702220362092303
2020-09-03,0.1159426249883632,0.01736424765765112,-0.019701476342745716,0.005487338395325347,-0.013432597507227811,-0.0013295463371470397,-0.013875031268148109,-0.023059218397815592,0.0004739817944308966,-0.004411771861663671,0.0068148201557395385,-0.0028696957951073287,-0.010148741515997456,-0.0011680061129771442,-0.024899693153414844,0.01242251999855711,0.001305653665048879,0.001364256691813968,-0.019006316406366523,0.005843393263879133,0.021704018105836574,-0.015012792389185096,-0.0036238622655669203,-0.008658062743114541,0.018302563056494126,-0.007593838817534693,0.007185659660874312,-0.01443900260076936,0.01505072609007065,0.03288410574253148
2020-09-04,0.011165503296771179,-0.011005740989822698,-0.04247265252407032,-0.0045677981006470554,-0.006346588198171757,-0.02461097586468444,-0.011002834846148474,-0.027990330334728104,-0.019136723957486022,-0.024241351122744788,-0.008454456951518143,-0.010310285982059582,-0.02182595826855428,-0.006801470940224875,-0.02701077753805657,-0.017685261711360558,-0.025906814989083257,-0.0383894295900355,-0.011992580932776269,-0.019594564876703455,0.016476916476624328,-0.019516953819019016,-0.04338139056489302,-0.024946267946577304,-0.02527645374575636,-0.01663780964500572,-0.03398385281559851,-0.031211586525681206,-0.004664045244077903,-0.024515856072014796
2020-09-07,0.004845976946139665,0.013076396511114889,0.00765951879100524,0.00518906619780489,-0.02581124570064365,-0.007840249233350373,0.0048991336094094924,-0.014827924284662463,-0.010892673697497636,-0.003782152768745667,0.01135085966868948,-0.007893125560739627,0.012019915554073548,0.017704118600775705,0.0022789741078856917,0.006398460176730887,0.012772925116734949,0.014591100035948398,-0.00822181581413855,-0.011042173380695382,0.002645972688071714,0.006264257386571924,-0.01870527232168209,0.00444774639823627,0.022271820286853435,0.002596217713481357,-0.0024721891453891483,0.0062726381784291175,0.016573708228546584,0.009914457057178612
2020-09-08,-0.01952642235035538,-0.011033859992795117,-0.03178386141864199,0.001224148636908428,-0.001470347081168603,0.02930161619513864,0.0020253103567808707,-0.03423944546315606,-0.012000565085675756,-0.015273301861833781,0.02383886499992388,0.0017544258756846732,-0.007734597465266812,-0.009454522962208474,0.0061407214723011114,0.015287126894858127,-0.0050364586249655,-0.018850201416583657,-0.01327493799809247,-0.016713480973740556,0.0020577635845340126,-0.007121522762690212,0.025644925432222583,-0.004447746398236254,-0.01620581388747436,0.011671473264189651,-0.042990184931368185,-0.01869213301215252,0.009047706231664395,0.013540203301523787
2020-09-09,-0.03365874482733532,0.009493902857746829,-0.02992457183891479,0.002890622980089257,-0.022289431116962348,-0.015036039036316255,0.0017938665301257413,0.012271316755083316,0.026956185528484274,-0.023356452936811756,-0.005456379873566746,-0.014441501352223997,-0.009355504140426343,-0.004678918350009301,-0.021795562098391102,-0.012372617059762689,-0.023391307117859583,0.020071096309669547,-0.018342969046795277,-0.007885267009553018,-0.0012119744544985974,0.0019991438901429547,-0.004273757587880925,-0.022540398319410637,0.018375477875801634,0.02542043192429086,0.016656374827676068,-0.04613503006709658,-0.008789902290132896,0.0010611957133123643
2020-09-10,0.03787519520626999,0.03841288995943338,0.03553499948183159,0.0015622723075890167,0.021917933548856443,0.058252640536098535,-0.005108927579578637,-0.013778173235898205,-0.0010313886842715828,-0.002365931703003235,0.0006231176855475839,-0.005441132740081448,0.009439898261019361,0.0007735312083604024,0.008397719675154408,0.013170765398087264,0.00596692847149235,-0.0052429340651629205,-0.005027130576544419,0.0125107480069351,0.002270384240865406,0.013320304643370242,0.014289514696933153,0.01956420564636447,-0.011192452473192714,0.06824460230656919,-0.021837733569673685,0.016794287851725837,0.0015025331237521248,0.00599226325996821
2020-09-11,-0.023413627194435446,-0.010067281116251145,0.0007829540134884445,0.0005659358242646953,0.012977422263748185,-0.003608641364404359,0.01414960535640779,-0.011526922372257843,-0.0011701945923192757,-0.012313958974818913,-0.0010387452892032473,-0.010971896901248635,-0.0052459506588384665,0.011809647752815759,-0.0005396654205450252,0.005992328682672453,-0.005151156842295891,0.008549297470550367,0.008189188547192168,-0.0038621638020403123,-0.005275484063925562,-0.013891080914573853,0.0142757060140239,0.004460973940625487,0.004885140810876617,0.002481792479666767,0.010336009330662073,0.022702733821510255,0.018256710251891527,0.030286990934272475
2020-09-14,0.016376300473859174,-0.0023357890216151307,-0.014981975528150554,0.014079104888430541,-0.029693954134560958,-0.027428129132066135,-0.014082389762364641,-0.03634881131809255,-0.0060101731812828565,-0.001199760191903949,0.0967389627811458,-0.019377185894314836,-0.017198775402363295,-0.016695268407069055,-0.01852409274319827,0.03399319035149612,-0.0032670870334483206,0.007097753332474563,-0.019468936218868495,-0.016818203500478458,-0.009041810742184414,-0.021059483037501214,-0.00798136907632201,-0.0029717703891574817,-0.008556128722784148,-0.0074422168130038316,0.01657144358926216,-0.0209379533307092,0.04822638317037016,0.0463030252901117
2020-09-15,0.0007059654370154013,-0.006742847406002261,0.020223136118043127,-0.006904124930279838,0.02090929054069626,-0.0066141784028102765,0.003917575043645617,0.0238639991322903,0.02848455959365651,-0.0068259650703999825,-0.002834379751607919,0.011792755707439529,0.011868302603261428,0.0004472745751892915,0.02135409261053502,0.00413086749024219,-0.008489712773956496,-0.000862887274180569,0.014646563161707003,0.008664274283822744,-0.010725229998592123,0.010440930115565789,0.018463215235687575,-0.008968669982760488,0.01777153323914997,0.007054168690167789,-0.002531646921779508,0.008277985311337492,0.0,0.0004881620795015731
2020-09-16,0.025088423879602684,-0.002704951210665241,-0.007928130410717809,0.033675131505273355,0.002302805606182399,-0.003263039936758897,0.029136729797193915,-0.00785696174588734,0.013578349817266279,-0.0020165362751929693,-0.004361712405009158,0.0213948968908117,0.005330472799101838,0.008927061709516775,0.008442261196163396,0.01945429765304912,-0.006345724149729259,-0.0032857790046188235,0.0010946082207171455,0.012938627339991883,0.0007299399718179389,-0.007820459843285305,0.00963836187997566,0.008968669982760536,0.04091968578756621,0.0024550987910010357,-0.03744788756549754,-0.009790463542695074,0.004645210979781918,0.015496678154734453
2020-09-17,-0.030750151671602756,-0.0020646516706077527,-0.006974941090911656,-0.006191050209813081,-0.014170639430577578,0.006154608216558157,-0.007532525188078236,-0.005724709883560501,-0.0014626689663077108,0.0036268425812969775,0.023850149301697585,-0.009231894709609108,-0.013551808820538799,-0.00716345503040071,-0.015329061759114516,0.00919146950421752,-0.011412789151250593,-0.006255450459062335,-0.015434634480644676,-0.01695790322567194,0.003945196649787527,-0.02145563568151471,0.012200173241067754,-0.010471299867295478,0.04217374584840599,-0.011160974982922896,0.00393959800408031,-0.013972029656923785,-0.0169425581914419,-0.0014426547344616994
2020-09-18,-0.008553152641718555,0.01013300381767056,0.0010155148968636807,0.010461121898612607,0.0008205276308780938,-0.00857855801567975,-0.004768074814229303,0.03194766077493448,0.07032265891695309,-0.005243004549240113,0.0028414374544096102,-0.024570342472459126,-0.011734821183523413,-0.013958446604255551,0.0014894051903686972,-0.008792247980875478,0.0027956406242674874,0.0029588395096221327,-0.021687783671265663,-0.0061981382710387225,-0.017238124884868256,0.021164811192043116,-0.018541442094008948,-0.01974247872920115,0.09970261122627773,0.0030188210440366824,-0.00789477784700815,-0.01468909287493857,-0.004500246861099104,0.015282054810939421
2020-09-21,-0.07813567491441473,-0.02792018297964478,-0.046160265737729786,-0.021283918560026514,-0.0425195753807285,-0.02606170857869963,-0.045303163272130895,-0.0557142930316508,-0.048473935105345936,-0.01630692473789362,-0.009918256361391806,-0.0075952135746155626,-0.009236258717198952,-0.029447310863190555,-0.05235489208476337,0.007703623992915157,-0.018881778375891747,-0.058693050892616096,0.008382278752804439,-0.021150265273323587,-0.04971704464756715,-0.008177615665232124,-0.059114002152126296,-0.06167962599044166,-0.03653744972309111,-0.021857475916835758,-0.068332587540876,-0.035944672984287,0.006266296546199498,-0.014640617970473417
2020-09-22,-0.026668247082161294,-0.017928639713717182,-0.027175910738759874,-0.0002846355428548192,-0.008186201614247336,-0.023438572972017582,-0.01144484801911029,0.006817966114627137,0.012356618485932844,-0.017413375325198002,0.022666651619611903,-0.013335449696064225,-0.019687304496119787,-0.005412599938430213,0.010495061584793488,-0.0023793012116732006,-0.00885846627237198,0.0022091319735388845,-0.013524283684364159,-0.029167655752199057,-0.028530727989239186,-0.010020714561714664,-0.022578980350463566,-0.019770001401003805,0.005033982667199964,-0.020014099884334852,0.004234304138788385,0.0021505384632283433,0.023115347841883946,0.001121525391929603
2020-09-23,0.003966685090105338,0.004660092623847105,0.01863594660812383,0.00011721268254633837,-0.018070250435402235,-0.011541548993707457,0.010231757522685557,-0.08216833287605209,-0.013268373677717136,0.012468989479733749,-0.008439900872496117,0.011379855359343211,-0.0046380190563344355,0.01262472796404739,-0.007221270318367777,0.01208548437682978,-0.00980682794698795,-0.013701380790846785,0.0038099773105147033,0.004775502640324718,0.009388216707978089,-0.02945809641207272,-0.006724812424924455,-0.02357011470711111,-0.011717097373113486,0.008847523354001772,-0.019915309700941543,-0.012973154921379876,-0.022243623089504786,0.008292185929064723
2020-09-24,-0.028917677639579656,-0.01459313330391055,-0.04208843041790745,-0.01836805301272744,-0.06856137866923505,-0.02719477301700968,-0.003357446522932406,-0.03399694421605703,-0.045248748879080154,-0.045203049184436545,-0.03220448051406962,-0.016220604477055003,-0.018311926813606133,0.004059858011660756,-0.04698704442656884,-0.044465134921715686,-0.03510167183172576,-0.03664387200534761,-0.023241180932349472,-0.011570280422660633,-0.03181766952954553,-0.02815344488643864,-0.03599360264790537,-0.04530391430540017,-0.01585604227262558,-0.022485081463492287,-0.05766564184980899,-0.04137755323952574,-0.05635176183674143,-0.03276864894308847
2020-09-25,0.024155763879335986,0.0037721659214235794,0.03082812936130187,0.00867688085955106,0.0356888317892447,-0.003984069014874459,0.020181116883077648,0.047392301648294034,0.04876094761143253,0.012027636404040695,0.04877204182548768,0.013112413092494871,0.009213011940544323,0.008768278015403025,0.03785064968103037,0.03629258057274847,0.024904933811210766,0.03720299978060741,0.00556190538094215,0.04431887084672593,0.03126378075471094,0.008747322254383303,0.04311966698416003,0.035029851329214906,0.016726888075438547,0.009354605167220318,0.04465027373773893,0.03263432814379694,0.0378840351761159,0.029746777856244414
2020-09-28,0.027463475752299543,0.010332805302985667,0.05666973216616198,0.0030217368424135904,0.06062930677411333,0.024708840165890932,0.013726432052778622,0.009057007456335748,0.006084554987636309,0.02446347217837445,0.009080311345515828,0.009722695978522627,0.017669841301958946,-0.007604415801681558,0.040334280597831,-0.0010386528124193195,0.01482369827066099,0.031725407564500506,0.02026335748735853,0.015178015833325023,0.0311069192463976,0.04500607506854989,0.02921560547131527,0.037166439875274085,0.003446579048508693,0.00658678916929102,0.03854867011723503,0.027339637571470957,0.0016499611877479256,-0.007514624857676705
2020-09-29,-0.022701561992055974,0.007348549923242759,-0.0286360636108911,-0.023483944567893836,-0.012187363325511876,0.003628356967508939,-0.0001337935834593366,-0.018311572222541213,-0.01619916371492472,-0.019777627608674457,-0.02730752205285121,0.00788949409376306,0.018648078353530412,-0.014695736218436874,-0.016527006269731723,-0.0013865506826723829,-0.02276141450360643,0.02530878267280389,-0.01215617164510466,-0.008230041449141114,0.005912666203622682,-0.02926743820985913,-0.024293331291395465,-0.03544674899574757,-0.008938727332592248,0.012911214254848246,-0.0028050509276086096,-0.011818563565163795,0.025272470435930564,-0.0001605007627231545
2020-09-30,-0.015157849051366332,0.013404992498866357,-0.005167363230297177,-0.005676130561682455,-0.004913790531642698,-0.09065153580412788,0.01627109553228258,-0.03421032927513247,0.016070089819940816,-0.014123924067006903,-0.001415951232355061,0.014992224388257027,0.01560925369148553,0.01709193249754483,-0.006462511954966955,-0.000743586600131474,0.013485985685475769,-0.022604860340402974,0.003910807093913221,0.00684457751281808,0.00010380982050223223,-0.0052187378613102915,0.000798084639328239,-0.01908123807542765,0.020172023553437588,-0.00477743463467738,-0.05336522053944599,0.001889594299589852,0.001566045253503328,0.006559498761522005
2020-10-01,0.016740127862495853,0.02684641655359186,0.04388335815884559,0.03556157554691496,0.04886859178296355,0.0007078644027436252,0.0027475614615971,0.026721383622766423,-0.002196809050434989,0.010718216220024107,0.0016619990899043966,0.02594458166710741,0.02866483398332855,0.01285071428594588,0.039925186588545124,0.009279892845410571,-0.004962789342129014,0.01536293166624586,0.02864278193313834,0.0013300822178139346,0.0078066830493300435,0.013148026127860223,0.03426845683481488,-0.019452425926815294,-0.01470921727488207,-0.0040810891695474754,0.01178216869826017,0.026086121170349065,0.012421033938911077,-0.0015959147977104358
2020-10-05,0.011006400417222017,-0.006120286036474902,0.001013684830846201,-0.011149213626089815,-0.0175517639940219,0.002402997834532033,0.005720622220742844,-0.018441232222462533,0.00728260235392568,0.00976031512351652,0.01374361186315292,0.006662789695690688,-0.003104246357720291,0.007631900668715797,0.010507977598415165,0.03005525424147143,-0.00940906676891646,0.028141330941373197,0.007291082630406135,-0.006500925798280949,0.0033124894869782317,-0.01068875652072698,0.017802357304023953,0.010657294473987979,0.00923917763856275,-0.00588177337088708,0.02886203223987495,-0.008178386172969827,0.06977060433598081,0.06462835898032547
2020-10-06,0.0015625003178914127,0.03011398024778295,0.01230715914481445,0.006734714165604429,0.026659690077144232,-0.005947341234489363,-0.017008690380016546,0.005404148490573199,0.0021808860472150512,-0.013605652055778709,0.005987860755390709,0.026347026440973295,0.08032276480702175,0.0022947998572892913,0.019902474634937044,0.0067001129736933935,0.003833116885502056,0.004299602461724946,0.017830353444014853,-0.0048615669499301,0.010728519350553741,0.002146910807764055,0.0217607507940505,0.0017652255245691492,-0.0044677618994507185,-0.0008366214550007261,-0.024479264084779725,0.01498647740762609,0.0031364760680487507,-0.01174712303686506
2020-10-07,-0.030113210386023166,0.0071514011576250865,0.007643349312568066,0.034765842884623734,-0.0420754301565852,-0.028231746796583967,0.0053232467661694215,-0.010127265075696196,-0.008687592849478037,-0.020325023995550962,-0.0013275406246078473,0.01573947986379608,0.007390940511457997,0.011021790678071344,0.005371778393880799,0.01017772532377369,-0.0023571018573814236,0.0003431709024754103,-0.010176771583274725,-0.00527942815688849,0.02216844852174638,-0.022305757514298162,-0.022594115742466846,-0.02139118998131756,-0.0061612564248119195,0.021107132277987464,-0.023599915340873377,-0.004708352930386861,0.00794463148434411,0.015781495337403046
2020-10-08,0.023062652389356376,-0.007797542876586334,-0.00265193525585858,-0.0009265355550308589,-0.0014119204460452477,-0.006448798546910509,0.002308510189993973,0.0047231165851230736,0.047767826622806424,-0.010098878364615071,0.025633258496267703,0.025106987742184395,0.000256541817722974,0.009976478918091487,0.012595115537471568,0.02513730320335347,-0.013961313954397342,0.005133481499238877,-0.0034785274035020446,-0.007744746023541555,0.004664917231960939,-0.008178718128741857,-0.0012134083090511382,0.0018001805041478473,0.017370464962770563,-0.008117017935835802,0.0074349784875179905,0.004186296014327374,0.032277396775228354,0.06954943195769757
2020-10-09,0.004705891037412714,-0.018385491003904686,0.0351142114005197,-0.0048089947349682785,-0.0025736165973330167,0.014451751409711971,-0.01315703745709223,0.0017654332838161107,-0.010281274758115952,0.01402301682074942,0.007271479878527065,0.03443142189783884,0.004300091091937044,-0.009836259240366805,0.03549168459341468,0.011906525571590682,0.004179110559936339,-0.0032481437225158243,-0.00018939752703448057,0.030625472533710018,-0.002467783960234484,-0.0018969338599996945,0.0015165304696016242,0.038805574421795073,-0.008002052866052687,-0.002593513202785748,0.005908436686166489,0.03489322690504974,-0.004522366782840439,0.03968071198465153
2020-10-12,-0.006279455484843136,0.013201272024663941,-0.00010683190010700452,-0.012182541278922567,0.0027990567702235796,-0.009903955116944887,-0.003638021293071398,-0.024160651566748154,0.012988802102848295,-0.014906019085627437,0.011675657597585315,-0.016263843288758784,0.0039510126466802105,-0.000584378413329808,0.006331099292640349,0.022601346171292867,0.025585868567586368,-0.023738444665734024,-0.005279662819614661,-0.0029765207732630012,0.01045854149316493,0.01132800030520755,-0.004099922226262854,-0.015693434546046565,0.013014113401940712,0.0016105584512559506,-0.011851990587014517,0.0020151140320206692,0.0060429569232427,0.009314771274547388
2020-10-13,-0.02471229782349449,-0.006372984756257164,-0.014311321893081848,0.003863175906696416,-0.016546333433906733,-0.007345412782821905,0.0037848690722627636,0.0006021557356632968,-0.03311147064598539,0.005725626740665885,0.039185174024696984,-0.012603292732958963,-0.011256770522987902,-9.353224530987258e-05,-0.019493307487966315,0.02244733756084049,-0.011976191046715537,0.016693136719901844,0.02411840668368811,-0.010320810733750366,-0.014644340032000273,0.004059334223691462,-0.028162182108400692,-0.021315194199046858,-0.009962302958163569,0.0193243797683292,-0.015015297119995554,-0.015213275155740577,-0.0012198249561276406,-0.004114412865043558
2020-10-14,-0.0016155092366545647,0.0032398480950722314,0.021337859905120393,0.006471132524934199,0.02993609201227233,-0.018452904550613828,0.011718080591809328,-0.004948413935574308,-0.0072036775991066926,-0.02941388520629334,-0.011112156110562385,0.010830206067580957,0.018582067837734504,0.009287019627504117,0.026276338982914624,-0.018128437894368146,-0.013907606913808856,0.0024112998249099255,0.00622616249901933,0.020700101584097106,-0.004353331539849006,-0.02141814157121014,0.01687689181662969,0.010714388212406268,-0.008890674832799126,0.002977104777572118,-0.0030303053491788734,0.021984460901213605,-0.006014762240358141,-0.07023811287770215
2020-10-15,-0.017122309866375616,0.009178785188083662,-0.018632084132346297,-0.008797156157521972,-0.04777127385651917,-0.018952883294219954,-0.01563695301435635,-0.03459019226382469,-0.01703486798794212,0.00045218178477900996,-0.034794563674461335,-0.035496743650584854,-0.016628641009810503,-0.002598187371085537,-0.03961410418903909,-0.025611020125373127,-0.01652433573390374,0.003091723520805522,-0.03289943339152986,-0.029270382300113338,-0.015797434667270863,-0.008312068317093147,-0.037792118415094236,-0.016114941392406587,-0.013115103132400432,-0.03605196844007451,-0.004562745558418396,-0.03665465064900734,-0.024865249928696924,-0.025577581031918845
2020-10-16,-0.00412031897302007,-0.014091016333484458,0.02096333452586836,0.00571463063875511,0.005150412402946948,0.039909286685709235,0.004332600182240317,0.006118518182512609,0.01812192887447711,0.006758304615142305,-0.03894633219452844,0.02541722574904348,0.0074190010020773085,-0.0009295624754313879,0.012959144642505336,0.017220597751670556,0.003930466133315163,0.06474215329286388,0.020408100296473976,0.005945387415852279,0.00033363554253265697,0.020337529689249036,0.031385303755879924,-0.009066245237753194,0.004794421621735049,-0.014011136722619534,0.03151048396818614,0.015946839991403627,0.008248743150199106,-0.005724786277103966
2020-10-19,0.0008254230761676434,0.004308577817238741,0.04258166469784321,-0.02149549546776972,0.011033342416851026,0.01951707741603071,0.006715763340302745,-0.009883110406176608,-0.023734421581545786,0.029641630431948493,0.021054668541374354,0.003495779497411574,0.034962992192441415,0.012591569551574049,0.051659296575028636,-0.0014200765677485048,0.015272044092319954,0.007845689111946635,0.02959766404118119,0.009794179572161112,-0.006248724581129658,0.005020405900832611,0.025044800573637914,0.018051031645568476,-0.004418719647846578,0.00018382352992914893,0.026240572652517002,0.04026046919857598,-0.01890519057332649,0.010397691976496377
2020-10-20,0.024451095864164336,0.02311137579530605,0.0020265484694327136,0.00808800906450395,-0.0015468617877619976,-0.009565290321813913,-0.05989012376974646,0.01818911489289429,0.0003925930823178593,-0.009196473836772783,0.04048337549065577,0.016807810712247486,-0.008006368754338014,-0.0021604733862700416,-0.006011801201220397,0.010250156016020619,-0.004766169284623686,0.016450861350315413,-0.0057548874909138965,0.015822767202176357,-0.0010732630780064503,-0.016091213262538068,-0.00461754728325856,-0.02170067073311787,0.002566812541354235,-0.009371966752950088,-0.0043258899471224944,-0.004667739711909577,0.010072463174105097,0.010290691581133759
2020-10-21,0.0922312242160336,-0.001984502635790773,0.015069604043734334,0.004583050763840235,-0.009022386069229192,0.017896277891308682,-0.0448682531733476,0.03398385281559857,0.003656788716412281,0.0126777654292847,-0.009824720598886548,0.018416726786231068,0.016461783384595866,-0.004589226849501457,0.013654542009391774,0.00949325763731842,0.0011936736720241134,0.013247291055191018,0.0177405905415623,0.00776439356075206,0.0025170644634376982,0.0408219945202552,-0.0009488566989537794,-0.005499555566038658,-0.004823144585507408,-0.014624720418048492,0.025679014417691447,0.0034414979886651345,-0.023493988401592128,-0.009562518535050423
2020-10-22,-0.026787315963649843,-0.0068340639007506785,0.017494886535708565,-0.003917537628668519,0.024927596222749388,-0.0005723279595344796,0.0178253158956782,0.027424775313044873,-0.012593633581726453,0.006063249411057938,-0.005525829982055521,-0.01080655677898697,-0.003030823819345476,0.007461174509268315,-0.017763309119026505,-0.016949558313773205,0.005353968767832174,0.007864949170142136,-0.00017944622941901166,0.012736971868481441,-0.007357383957072539,0.008210476410720955,0.002995319686259971,0.0,-0.004916211019006791,-0.008342145245696545,0.01537416724958795,-0.0022110314866710386,-0.0015898105863240252,0.0029074013793143195
2020-10-23,0.03628683935486394,0.009644281711736888,-0.006093384946909633,0.024983027049536467,0.0007389144326492591,0.006277663646710625,0.0032909485396641763,0.008670073384543063,6.600442232010871e-05,0.01627444912733615,-0.016058994092872772,0.002025030054936699,0.008361313871738003,-0.01642338912883501,0.009760877640949822,-0.005818230532241246,0.012968056770829682,-0.013142825439194416,-0.007204382588933854,0.005272841169260023,0.04193272506809664,0.030129050020832507,0.004871886819652695,0.007326040092072881,-0.0007469933864942797,0.00289099727420905,0.013774322464829422,-0.0024624489172728335,0.005841803117547571,-0.0059692977716178375
2020-10-26,-0.039307989689040194,-0.018949789792053993,-0.02768654181984041,-0.06262292661233547,-0.006958338719068071,-0.015624198003871695,0.004500269990592599,-0.0008060337819085788,-0.013823573618442367,-0.027127605366726575,-0.005469797492703579,-0.02035464886655846,0.006605315507583221,0.010625070957831936,-0.030438191069032706,-0.008993550406242461,-0.012968056770829645,-0.04114630131732487,0.024180181268988032,0.011093616148503477,-0.006844189578110819,0.011104731296574749,-0.020092764698998407,0.021661496781179467,-0.008032975216356418,-0.04054005640084703,-0.037635103591736004,-0.030540546322014812,0.0005209302443383428,-0.007622435029755339
2020-10-27,-0.013709277925033243,0.05487264356306842,0.02945941729651053,0.017869538394987842,0.047243543530383375,0.007340803025721094,0.024612834122537626,-0.00161401925746299,0.030449169289375348,-0.0052516532078112415,-0.0006489484313760332,0.018167439116164093,-0.015554302943578872,0.00458161940633696,0.013507081578225031,-0.01960758137213366,-0.008041741029468663,0.002106116614883728,0.1137835489219142,0.031237995298625285,0.014578256099600765,0.008392467143424523,-0.0015002599417220785,-0.023487981307213628,0.02407459361795595,0.002657743468166036,-0.0317486983145803,-0.01047665133854853,-0.021830945871094548,-0.017066526866345348
2020-10-28,0.025739498201575457,-0.01755699337234974,-0.006714085253469585,-0.001120277131116724,-0.024165711681870834,-0.009220638732215762,-0.008588811504156121,0.04180455076761085,-0.006512559651255448,-0.01103033464596265,-0.02105215357184309,-0.019241597451216192,-0.03613634252664944,-0.005689883009416955,-0.034494735131897936,-0.013195725293842704,-0.010219505833483612,-0.010084665818414622,-0.023129415909180894,0.0009161238425756142,0.0038551543272850736,-0.0037534330192804085,-0.011499497546966227,-0.00918280098233498,-0.02953330937121239,-0.011394233432680822,0.008759180089881554,-0.021813381131851824,-0.0030272187006519483,0.004778268013274045
2020-10-29,-0.026506663563328682,0.030059275701671852,-0.021732365992080258,-0.006372052773044588,0.002740397368860517,-0.010622144253313311,-0.0025585403427512777,-0.0023264841823436473,-0.003862398831293898,-0.016551484983410168,0.012517756960093798,-0.018692133012152407,-0.01772950723973477,-0.019713920994370433,0.009674049942484008,-0.001580366602045991,-0.010019819672294006,0.00310128380452731,0.012523183922979568,-0.05044488750819011,-0.009557007111566459,-0.007257979313771584,-0.0549091625464533,-0.0186225120980018,-0.0018295862254406926,0.007651677234854916,-0.023530497410194046,-0.00923124055010856,0.003977283376507474,0.005348400804655056
2020-10-30,-0.00615860299120709,-0.006288124033764251,-0.0027373667419927673,-0.01323086959668837,-0.02124447334544673,0.036341521619535876,-0.016957542473201064,-0.038555450904552334,-0.010284900786324479,0.029773361159589395,0.002259216180906678,-0.0030791967807162774,-0.005573066772289597,-0.02422973495552666,-0.018423234010411918,-0.013346331239115107,0.008508103586972009,0.007145207404644237,-0.015072600390540014,-0.005364819734118816,-0.02166549627683279,-0.0035026305512020003,0.037863741603753755,0.005623257554362039,-0.01084379840203357,0.01352497707954569,0.022075951699199826,0.002910439943053687,0.01215682739582949,0.009584973477505487
2020-11-02,0.055569851154810786,-0.017631348426739062,0.059417563366572584,-0.01507724090335934,0.03293604089288048,-0.02297311561274648,-0.015362488521187238,0.05308995032761167,-0.004316792358486253,0.013049336977721059,-0.023493735355417416,0.02643142029316515,0.059169450691839154,0.00033789491789637717,0.06137349479764862,0.010971088523070329,0.00903620606393752,0.0011320450792524667,0.021291683767995593,-0.00021519259820508915,-0.013995240537345886,0.01191701357869349,0.02700384868244122,0.04388272625909249,-0.006155570204580089,-0.09011803619824559,-0.005839432651559328,0.0353008364207825,-0.02286865830403558,-0.017468986051600542
2020-11-03,-0.010279091974647702,-0.008411372527252,0.02176467441318024,0.024712339357493934,0.02054886647466375,0.01276460501001783,-0.004879881312395186,-0.0061403701702378854,0.01065847036977061,0.00689063880612445,-0.010205105523377158,0.02655238809865636,0.04322600183291685,-0.007897901847746488,0.06132189087431895,-0.009134194711230396,0.019890814606082895,0.017305350947458744,0.008127820946983976,0.019659139833150673,0.006530422215538031,0.03909846444368637,0.0021183592569359922,-0.0053811789045167075,0.0038414180352360204,-0.014512641207989337,0.01597710093601463,0.04341999399483806,0.011072618949147817,0.0025356117694402135
2020-11-04,-0.0036968618813260916,0.006845381833460174,-0.01699276232311206,0.003852117861437797,0.020036829002204774,-0.005716751313052105,0.019507917507564223,-0.0034154167503731834,0.02837023663872416,-0.014699789120289264,0.0013503562081397778,0.00754389192473953,-0.02026543880450846,0.002113831802103442,-0.015439062487831378,0.02912331958348219,-0.001765225524569081,0.009800900457961377,0.023013762636897864,-0.008370466333839777,0.005869898735483188,-0.015964489736251822,0.002651247446442809,-0.012669852741051778,0.011872206459774036,0.033375400888912284,0.0014398850579875444,0.01092907053219023,0.007395881822979082,0.021515713560569954
2020-11-05,0.02919915469226235,0.03124296995772794,0.026588066274397002,0.00789737569495116,0.04808862540338274,0.048810639399523174,0.00819235709780235,0.009337135995939917,0.015686347108551615,0.04304947699492737,0.03347618161777314,0.00934068376007978,0.005968171645624855,0.020325512329768564,0.003312206785740692,0.009144948738688917,0.02873510723667268,0.03051898232235105,0.02707241542659991,0.019231868594223187,0.019755961342417413,0.010950551655653977,0.024299446191672406,0.00906624523775326,0.00462902960180093,0.021612960613324246,0.09596398826174374,0.05475348459356051,0.012193788293914716,0.007118501767247796
2020-11-06,0.02135312447056906,-0.013154090305297505,0.0045326380732872125,0.009482582401968484,0.011666011936106046,-0.010566136037881958,0.004078262554204775,-0.01631429481688297,-0.004483887647605682,0.016139394395403236,0.008505662619876682,0.029844852403231828,0.017810645017546974,-0.003908023560732365,0.00975838902224405,0.007894481058923077,-0.004588479515968634,-0.003821758072126405,0.025108140835715068,0.0027620727881256537,-0.02645793028027409,-0.003356646508272461,0.008354205154080774,0.0018034269991507267,-0.011266210865003241,0.037226792717176674,-0.007874056430905883,0.00251227721493084,0.008065830884296715,0.0010128048322894394
2020-11-09,-0.009197093480917459,0.007284240360857109,0.04210958238969126,0.008211641048786753,0.02203927939067243,0.035505084385134014,0.009841693178656989,0.047529831126448104,-0.034449532184781244,-0.0004105933130974489,0.005747479313446909,0.024848344383238394,0.00636284208435764,0.018170703647050108,0.043960695078472126,0.02116292914952844,-0.006633045227995612,0.020165947566991492,0.00586154542262592,0.0052943132073489324,-0.005145242578009035,0.030899009888860875,0.026534337906592584,0.030170877633363517,-0.004763568797555478,0.010564212125081254,-0.003960401216097129,0.0013676774413655215,0.007048179268088136,0.017773149509273084
2020-11-10,0.016913722442061838,-0.011503081675467918,0.03230159384247087,-0.0014834695900744898,0.08515648827712867,0.019121041446778377,-0.011322774068604357,-0.011511531937292095,-0.06202595700168812,0.024742693972628124,-0.054437660244691474,0.03884622725992053,0.054260404353418404,0.0018973337619703318,0.04469604541399777,-0.0408568227483542,0.03161305543494509,0.005090593415686203,0.014248610829486126,0.06789133492213693,-0.01151809947166061,0.010001434902368225,-0.0005064756638185478,0.03436764350420782,-0.037936609744763074,0.016371806338976794,0.0039604012160971355,0.05409119892310434,-0.028646726561088753,-0.027801574518000863
2020-11-11,0.013190055858169224,-0.008239328127691568,0.04202757320697468,0.008504187052797187,0.01421458698259886,0.028838249719134623,-0.00445644993441636,0.025821540437990363,0.0343266669336162,0.0083782656459975,0.0199914956845314,-0.0026584295006953054,0.02271440446342413,-0.002554040401890542,0.00556472994104647,0.02841780531927162,0.0382282214864137,0.02346797982710353,0.030838210926940512,0.024605306948601784,0.00936215705094016,0.019971373407509683,0.009830300791763924,-0.011894787652149207,0.038448810374699306,-0.04280680497424645,0.0425596144187959,0.010732019725286498,0.014314329922023231,0.012916513658801197
2020-11-12,0.0204785313435407,-0.00454807261517832,-0.014813859681141144,-0.001870691128349023,0.006886838392239179,0.001648386856477477,0.006435478578593539,0.002608379589363657,-0.0035761314721827293,-0.030250340464665855,-0.00163562053729032,-0.013216928770374633,0.003350230777264932,0.028198248355385272,-0.02045230905721811,-0.00424060450231936,0.0144658295386351,-0.013955422959404966,-0.029811897298068078,0.012894934028428158,-0.002993970485790638,-0.0007912436124269889,0.005823628884895462,-0.005141399500418652,-0.011391615617897428,-0.008649354937873327,-0.0012634240467721285,-0.032106879310019903,-0.006251361597530702,-0.0034667086575375637
2020-11-13,0.038440783307428686,0.0037456239574889917,0.017603032941344597,0.007692091672428356,0.017926895322832894,-0.0016483868564775481,-0.00024182936922158066,-0.008581048887377854,0.006669610738054598,0.03064755993364263,0.004114236200344593,-0.009448889197932507,-0.010929541738981443,-0.003083989697167223,0.018394906829583065,0.005753935453884579,-0.004798729549905295,0.01526747213078838,0.004860656803346826,-0.020427123408714647,-0.004045117306018621,-0.003435975364015189,0.0460535569226072,0.013652089168327263,0.006206293317283304,0.0082487139068732,-0.010165271776850724,0.011616568987245415,-0.005330442997342632,-0.004059741693030226
2020-11-17,0.05993594290487583,0.003525967569139029,0.029780677999188113,0.0014459655159080504,0.02526067720621028,0.001648386856477477,-0.0013239849604619752,0.01832811900430018,-0.002824100854922393,0.021996173551779314,-0.015945806798791762,0.03588785164235931,0.018150098200247596,-0.0035526458709129304,0.0017490616115940706,-0.0004448596541179392,0.0013352919596524555,-0.006577528647145319,0.018736766340181094,0.027576311279402795,0.02497464965191067,-0.006403437035206913,-0.04075962545982487,0.011794576492837097,-0.015092003638968222,-0.001579086212849354,0.02895104651582507,0.044915498874080584,0.003456765733368659,0.013134344837232302
2020-11-18,0.0170010166428297,0.0036957654877988267,0.011856909123749705,-0.0023836737928554764,0.036266177984394354,-0.02983376719158145,-0.002696092301668078,-0.012773422544137117,0.0005385392254023362,-0.0035026305512020003,-0.0008592647677771613,0.0001774843374731813,0.006746032075059491,-0.021115943396242506,0.02286568804011535,-0.011771423829338932,-0.017771065414666096,0.0048277469233576654,0.018719962196620015,0.06035792394272204,0.010380728381300847,-0.007522872662987524,0.017771689584962953,0.032951910512785725,-0.016937677986188615,-0.003039859643445149,-0.0062227954382690735,0.047957177865540095,-0.014888706265439743,-0.009798349285658741
2020-11-19,-0.03491932118683505,-0.015628724633219758,-0.039755195111519294,-0.001202210235127583,-0.025506534925207422,0.0016954682900766139,0.0031376154211512825,-0.020804383066589317,-0.0011447427262685705,-0.04955068721190991,-0.0120457335679264,-0.024686401209080184,-0.01718775652436477,-0.00063337909855207,-0.0387184781972168,-0.012504127038194526,0.0207024465943895,-0.033841163378914955,-0.002324342369137712,-0.012180311820806106,-0.012983860061559568,0.023455233044072796,-0.03057477454764997,-0.027939368689241538,0.000828773356687181,-0.007095362250597873,-0.003752349618550464,-0.04983237374787576,0.003894714767289189,-0.007850018505927061
2020-11-20,0.009308165251175381,0.0022410914480094158,-0.005986814125424017,0.007976670445472763,0.03876236427392522,-0.0010430248663972346,0.011538398969931597,0.031822060259104785,-0.0029689630445826477,-0.004928141390787572,0.018106172673764877,0.0210950947019319,0.004378253120028587,-0.004940024160597564,0.003024143292296978,0.0059997452827662235,0.020021743632179196,0.014835066403941107,0.033939878753492796,-0.0017206772240794736,0.0003661386414085035,0.010742930517133712,0.0017213559925503624,-0.00668898815079654,-0.007836988925622202,-0.038040556860881515,0.02963179760637115,0.012435393407886675,0.008816118568532256,0.010741865518356783
2020-11-23,0.037580179730980386,0.009051706720795239,-0.02035884019194909,0.006257863095780756,0.02006931843709793,0.02867441715458924,0.0014909630724558344,-0.013424417223080486,0.008612622205836562,0.010647111226448484,0.02405976950316343,-0.006468350972202602,-0.03664052577051201,0.004306243638696516,-0.0252003424629549,0.03254566845481391,-0.004443870860360058,0.004748487925262577,0.0044623481532773315,-0.005712656414324816,0.003138977465607381,0.015002868057896357,-0.0018290391886916218,0.008354267469857724,0.03322515788163944,0.026597588873206773,0.050989111875699294,-0.016824573826649952,0.023773057535154553,0.0272038423369038
2020-11-24,-0.01558784559745233,0.009854090183485213,0.039585501701029195,0.005815241262053982,-0.000166283867730203,-0.011986881603212724,0.0013624267345211983,-0.006305853790733396,0.0028767372239032396,0.0040650462481695935,0.0015478957665828789,0.03078469588148336,-0.014815085785140812,0.013040366747014523,0.02102671370002646,0.0001754462919541781,0.02432832201028447,0.009136520968486205,0.014152351832278537,0.008534776639944135,0.024127876297166496,-0.0012845216923566276,0.02309964863144825,0.011579947430959418,0.017805842826487846,0.00682038533794097,0.003462207728470791,0.021345748811277206,-0.0008078879678528351,-0.0009840445019845571
